Date,btc,eth,usdt,usdc,bnb,xrp,busd,ada,doge,matic
2020-01-01,7206.085281792501,130.61657630425,1.00030095099125,1.0041091979974999,13.737233197275001,0.19301198401075,1.0032108527949999,0.0332018038823,0.0020334802271075,0.014497571410174999
2020-01-02,7083.8615867825,129.00129212475,0.9990796227205001,1.0061569380675,13.357664596849999,0.190148395656,1.00476004096875,0.0330451358555,0.0020340092182775,0.014948216463525
2020-01-03,7164.5059507450005,130.65675183625,1.0039219232005,1.00175333928175,13.368032140925,0.1903464108315,1.0009293658182499,0.033461083500325,0.00208037090094,0.014902935328725
2020-01-04,7373.232911935,134.58278992125003,1.0059437351205,1.008487084425,13.760218625049998,0.1935913962515,1.007578614165,0.034335453745675,0.0022312715087724998,0.015129912176475
2020-01-05,7441.7003634075,136.4511755035,1.0085088817224999,1.0099734744150002,14.074176517,0.19575259124225003,1.009168337395,0.034798972965625,0.0023167891713475,0.0149958447955
2020-01-06,7592.7078930825,140.25437886,1.0055057380345,1.0067524126115,14.54596330105,0.20898638286175,1.0051996444155,0.035999099724575004,0.0024558330346075,0.01532435011595
2020-01-07,7969.704430805,143.33666014599999,1.0035356325032498,1.0029706391235,14.919784389925,0.21698166877624997,1.00226819781675,0.037199446277125,0.0024419990383475,0.0153114551507
2020-01-08,8148.82758857,142.46054140475002,1.003074049465,1.0026873218965,14.801342167075001,0.2111946049685,1.00343668754725,0.037013877474049994,0.002364148710925,0.015057857936650001
2020-01-09,7971.516821485,139.44134171925,1.0034234298590001,1.00482869982,14.500992197199999,0.20643514237675,1.005054956241,0.036230353920775,0.0022517250506125,0.014847849805825
2020-01-10,7984.5477020275,140.65463567025,1.00310609880975,1.00488829180625,14.67850235515,0.2078594515105,1.0040801809014999,0.036249034463,0.00229247348098,0.014698808447975
2020-01-11,8111.9323929675,143.7562706255,1.00082731615,1.0021259318045,14.9992557542,0.213243085497,1.00121430109725,0.036945156093,0.0023331780813775,0.014865885576749999
2020-01-12,8108.719551412501,144.43999643075,1.00143137842775,1.00370078673375,15.1525708374,0.213921878086,1.00221889928225,0.0372097230162,0.0023548095574475,0.014936538768425
2020-01-13,8152.863875259999,145.03627387275,1.00345879344025,1.0052921450774999,15.224033896249999,0.21363222898575002,1.0042844352525,0.03734537041925,0.0023681162112400003,0.01525435236345
2020-01-14,8497.2855361675,155.48822161825,1.004367773043,1.005435275755,15.956617277625,0.225356667094,1.0042654796015,0.03947198722315,0.0024206189062625,0.0156599027546
2020-01-15,8794.914706475,165.875147223,1.00393623907825,1.0054643019305,17.187342766249998,0.23407873578449997,1.00471336543525,0.041874588399725,0.0024351755991599998,0.016110330415950003
2020-01-16,8748.706048095,164.37290914124998,1.00118387523225,1.002523878505,17.205997719800003,0.22976929483475,1.00228676435025,0.041819271515975,0.0023585218007799997,0.016092832651675
2020-01-17,8822.42148536,167.77853733350003,1.0013953056729998,1.0029694959877502,17.67468992135,0.23430804430975,1.00190390719425,0.04329954142725,0.0024157215208575,0.017453688274525
2020-01-18,8927.3879035575,172.85779750950002,1.00124394836675,1.0042677715465,17.9558009626,0.24162520659724998,1.00255993632575,0.044654802833925,0.002496899376165,0.018135598204425
2020-01-19,8858.03328199,170.84048179875,1.0046103565475,1.0053712903475,17.619767944750002,0.23944991797625,1.006811169358,0.043501538143875,0.0024621164077275,0.016983709131125
2020-01-20,8667.0848984475,166.36778002075,1.000333686897,0.99991634926275,17.283990193575,0.23260374119275,1.0019358010942498,0.043002278523625,0.0023902852578275,0.016651632795925
2020-01-21,8676.2781799,168.12186756575,1.00075827920275,1.0010936630815,17.69281303045,0.2355771928055,1.0028190236595,0.044954442383599996,0.0023721516254025,0.017043053612799997
2020-01-22,8713.7070248175,168.9214071625,1.0006881726265,1.002491912151,17.968772418775,0.236560825778,1.0031715757600002,0.045810026333,0.0023546832442975,0.017065338907125
2020-01-23,8527.1378973475,164.95795629225,1.00014224043375,1.00060282805175,17.35931145595,0.2304075307,1.0029349020325,0.044259568661825004,0.002296741796135,0.0164848083942
2020-01-24,8408.1274070375,161.752436853,1.000101207998,1.00069136186575,16.99086281005,0.22273628290625003,1.00237791885925,0.043768609772274994,0.002262004410125,0.016018446161175
2020-01-25,8390.6598456075,161.55273252749998,1.0019986244257502,1.002119929754,16.934444486,0.22109083976,1.0037661758624998,0.0441178859449,0.0022612237788475,0.016130595398025
2020-01-26,8472.284807900001,164.4388418425,1.0020366943532502,1.00666203147875,17.195068542450002,0.22542546327975,1.00298097251375,0.043863982050625,0.0022770737126675,0.016284487294225
2020-01-27,8770.540924462499,169.69093974425,1.000956696052,1.01562038549,17.577359814999998,0.230842383381,1.0020777901020002,0.046391644150300004,0.0023418899823575,0.016796875146774998
2020-01-28,9134.537975595,173.59089214149998,1.00052013699575,1.01878569483,17.85343858105,0.2351426774405,1.00133809848275,0.05062654955635,0.002406772696865,0.017016515774525003
2020-01-29,9337.4999538175,176.3228830215,1.00081661014125,1.0229664582475,18.0741018501,0.23775234507025,1.001360498551,0.054065685825325,0.0024253195862675,0.0170961065341
2020-01-30,9402.2584961225,179.56082627775,1.0033037352495,1.035677502555,18.2361043373,0.2393017856415,1.004410220695,0.054696645120825005,0.0024121249902,0.0178381382903
2020-01-31,9402.831153375,181.64993422049997,1.0017995739485,1.03492559958,18.374199683675002,0.24050693598375,1.0029356727204999,0.0546659469109,0.0024151163165525,0.018290493554
2020-02-01,9372.948779605,181.84461460025,1.0008672831855001,1.0287813960825,18.264568675474997,0.24025966059325,1.0018357477895,0.055089120667424996,0.0024065027628874997,0.01811549490435
2020-02-02,9355.201869780001,186.35109622624998,1.00160657516075,1.02864661463,18.329272966875,0.24707928572325,1.00217579687575,0.056313018144975004,0.0024475260312700003,0.0187344530796
2020-02-03,9356.80268443,189.98051362675,1.0003155756814999,1.0277855454775,18.48216247955,0.25243023947625,1.001700696016,0.0564488667802,0.002462390354595,0.020634357648549997
2020-02-04,9229.470525185,188.90686085875,1.0006252352354998,1.0247208185724999,18.285981466924998,0.25994038555474996,1.00252498369125,0.0562154600122,0.0024616475189775,0.021527451817075
2020-02-05,9415.461060735,197.2715089175,1.0012072020125,1.0284883569399998,18.747020981574998,0.27297284933375,1.0018680596155,0.057685454162,0.0025516495478049997,0.021409745687574998
2020-02-06,9678.015155500001,208.24263933775,1.00346023145875,1.0282238911525,19.923530871475002,0.27979728287949995,1.0034507480872499,0.05945986376525,0.00262181612811,0.023066435525099998
2020-02-07,9770.6667192725,217.62177169625,0.99820357426625,1.0202712026325,21.398198750575002,0.28146375010075,0.9998074080892501,0.060350318813249995,0.0027099852510550004,0.0238715912379
2020-02-08,9803.462255415,221.9079676505,0.99972077590375,1.019010737775,21.745904580025,0.2760457319835,0.99996065544975,0.059611456766075,0.0029640902859424997,0.021858868878175
2020-02-09,9990.0990034725,226.10182166025,1.00112834678375,1.025447951275,23.030843616725,0.280808470721,0.99925477428925,0.060964893602574996,0.0032677502032375,0.021533397558249998
2020-02-10,9980.625084154999,224.834122427,1.0030158269545,1.02219739388,24.730661951825,0.2775281459625,1.0034489549052499,0.060656221441675005,0.0031068690634175,0.021643132390525
2020-02-11,10000.878875277498,228.60021994325,0.998812667588,1.015054819115,25.1993745136,0.275667255522,0.9968391935992499,0.0614296646176,0.003000374519225,0.022044927334575
2020-02-12,10281.110388875,252.39986480775,1.00045431993775,1.02389740902,26.105896323925,0.2930259973985,0.99697554807225,0.066232673843875,0.003079795530385,0.02323148742285
2020-02-13,10278.032164150001,266.453877196,1.00248168225325,1.0294178583525,25.944059280325003,0.31766637736250003,1.0002276064142501,0.0687432148851,0.003069637814665,0.022715331120175
2020-02-14,10242.799017025,275.0149298015,0.9996243544302501,1.0182665849249999,25.839107003525,0.32831623614800004,0.9992141050425,0.06940523058682499,0.003064305312585,0.02286550063205
2020-02-15,10104.816218670001,275.17331433050003,1.002693160198,1.0170017656075,25.148690762099996,0.32187774942225,1.0038423519425002,0.067085155757875,0.003009276927005,0.022107304731475
2020-02-16,9899.992315535,260.04139970925,1.0018668008704998,1.01270021209,23.75596682715,0.299630609409,1.0021992861605,0.062739752832025,0.0028203624812475,0.020427214101675
2020-02-17,9768.2891630925,259.365140581,0.999709656768,1.0119701491475,23.053759179925002,0.28695001229075,0.9995700506484999,0.060299470675225,0.00269282885444,0.0198226258357
2020-02-18,9906.8863482075,273.27835412775,0.9994045692215,1.0190073848149999,23.694183326275002,0.2909328227665,0.9971510239675,0.060994240352450005,0.0027544423073424997,0.020808558106125002
2020-02-19,9895.021157272498,271.2755357395,1.00718340088075,1.0195140999499999,23.238831229474997,0.28919324501974997,1.00702781231725,0.06012297512402501,0.0027401808356725004,0.02120755285155
2020-02-20,9597.2295016425,258.10399552925,1.00240427928775,1.009129355085,22.141298592125,0.27460031025825,1.00091745269125,0.057575369904875,0.0026315389967774996,0.02038773909815
2020-02-21,9652.745450732502,261.54641913675,1.0016824059785001,1.010941241435,22.251907708175004,0.2739602893165,1.0002663837405,0.058600403184400005,0.00265534222082,0.0209478506078
2020-02-22,9662.462124560001,263.29590517775,1.00197306060575,1.00640344173975,22.038428124175002,0.27513000314425,1.00070813000825,0.0582294259439,0.002621132450965,0.020769055148575
2020-02-23,9795.757280245,267.9368049665,0.9993503042235,0.99810028733425,22.438565670550002,0.27928275462725,0.99672655330925,0.05994198255405,0.0026396569845325004,0.02169547965855
2020-02-24,9765.1369097075,268.52154809,1.0016288161187499,1.000111639565,22.430403977825,0.27572073113675,0.9995290594485,0.059930347647400004,0.002628051908345,0.02140657112805
2020-02-25,9487.694004574998,256.34786317375,1.00167521081575,1.0012528311595001,21.208224791024996,0.26195698261325,1.0015915138184999,0.057609727450550006,0.0025233453441,0.01985865871095
2020-02-26,9054.50433528,236.08418229475,1.0026351783840002,1.0029229983932502,19.4541094268,0.24215636971575,1.0044224364745,0.052403409617400004,0.002378204716975,0.01848652978015
2020-02-27,8779.9199307775,225.583470051,1.00014891181675,1.00095976904325,18.837536123000003,0.2351429949345,1.0012426826304999,0.0493876373724,0.0023404949597675,0.018850091034725
2020-02-28,8711.143013775,226.07581334525,0.99973612553675,0.99828589667375,18.93561336635,0.23685689495625,0.9998722983939998,0.049141423171075005,0.0023028170443575,0.0195028567727
2020-02-29,8661.4654484575,224.69677463375,1.00101462564625,0.9990033210295,19.39759060675,0.23521739023350002,1.0003463044694998,0.0483921788477,0.002267778578025,0.020354153748825
2020-03-01,8590.055445099999,219.88289890924997,1.0022360872555,1.00236885918,19.274049756674998,0.23036895662624998,1.002842254043,0.046717001730875,0.0022570178124575,0.0199297765844
2020-03-02,8721.718477555,224.84431839500002,0.99857480624825,0.9983556048995001,19.421926754075,0.23383970347674998,0.99890227481025,0.047514712328525,0.0023132750058675,0.020324039471950002
2020-03-03,8814.940849455,227.26551375374999,0.99986685830875,0.9992946258997499,19.782115835749998,0.23594821768500002,0.99912313714425,0.048721214431349996,0.0024222855064125,0.0223153182864
2020-03-04,8774.8964106325,224.80315588825,1.00156532887925,1.0002759034335,19.861023114475,0.23471571265375,1.0013758378235,0.04906662700155,0.0024430906863925,0.024798212770524998
2020-03-05,8934.58904063,228.2291067685,1.00138194516375,1.00150919361775,20.546853357025,0.23789034401825002,1.00044336231875,0.050348785298925,0.002457671672215,0.026163932669
2020-03-06,9100.1573703375,236.24807082575,1.00122758896225,1.00105986133775,21.150236180275,0.2421527956015,0.9995152429795,0.051120925647249994,0.0024911254347249998,0.025549601239574997
2020-03-07,9021.379863565,242.28326698725,1.00083132712725,1.000586212513,20.6856799414,0.2406749593615,0.9995813096915,0.050181649453049995,0.0024546649979300004,0.0264145438726
2020-03-08,8508.979816355,219.21335682125,1.00758630417125,1.0052622202545,18.60709927455,0.2219875885775,1.006791337985,0.046031396258775004,0.0022963195068775,0.024145963465000003
2020-03-09,7975.6706261175,200.756530367,1.0025819669495002,1.00260620126425,16.681018852025,0.20701124241825,1.0038079674305,0.041982651881324995,0.0021867693430125,0.020811324153375
2020-03-10,7945.896225385,201.85248858775003,1.0017040911017498,1.00301278188825,16.83440175395,0.21094833390125,1.00273441624675,0.041692999947049995,0.002212936659535,0.020871521226449998
2020-03-11,7853.786680697501,195.73825494849999,1.0005955054490001,0.999964558435,16.51950095115,0.20882450316774998,1.000136651814,0.0401320813779,0.002179532291875,0.019690316033375
2020-03-12,6418.4685344624995,153.36117352025002,1.0247940505639999,1.018811679709,13.0510846585825,0.17414985829975002,1.0277574127145,0.03181239582645,0.0018607936677324998,0.014157390084935
2020-03-13,5131.658354714999,119.626409695825,1.005881529905,1.0065577701765,9.666626201637499,0.14493533537574999,1.0009743945675,0.0251875373611,0.0015810526897599999,0.0097128293026775
2020-03-14,5380.934941465,128.4468363055,1.00168523237275,0.99931969911275,10.5572441757925,0.15306308575949998,0.9986944997860001,0.027297997855725,0.001706638291005,0.0104412659464325
2020-03-15,5399.8274908625,125.6390426355,1.0030332218115,1.00252277413425,10.440017942799999,0.15236805486975002,1.0042663757287502,0.026921988693100002,0.0017055928519800001,0.0100949489551225
2020-03-16,5090.074226827501,116.442386383,1.00420234418325,1.00420992393525,9.7286221293825,0.1455131603925,1.0061621883925,0.0251406733869,0.001605837982305,0.008779623704477501
2020-03-17,5145.3663150150005,113.4361513515,0.9855010948962499,0.98186868505425,9.813978939344999,0.14436279764475,0.98237388044025,0.024918678425525,0.001603452435925,0.008727748672967498
2020-03-18,5216.6805691775,114.11616367125,0.98256071357675,0.9770264395022501,10.0379004169525,0.1438669572555,0.97965220372925,0.0252865828142,0.00157999091587,0.0088026168541825
2020-03-19,5750.82856417,126.67356694025,0.9853565499365,0.98188863736275,11.27950136905,0.15545034274675,0.9797504633525,0.0281967482357,0.001686271114635,0.010188845709977499
2020-03-20,6275.118854710001,135.71147976775,0.9972884036827498,0.9923809412259998,12.129607653075,0.161239808777,0.9952533131110001,0.030244303564,0.0017883782718774999,0.011139513527582499
2020-03-21,6175.6366804975,132.26416163,1.00009571981725,0.9991066269482499,11.905081815175,0.15727100199225,1.00003169374075,0.029288980166225,0.0017747955854975,0.011097141960325
2020-03-22,6049.806015259999,128.808317905,0.99985230861675,0.996481620019,11.692545559549998,0.1547655610275,0.9992673275685,0.028451187243424998,0.001775446301765,0.01071335085975
2020-03-23,6119.1571234699995,128.76427222375,0.9932464979125001,0.9892960083342499,11.581892503125001,0.153617720957,0.991576150761,0.028001745513924998,0.0017601747844975,0.010550122515334999
2020-03-24,6592.883866927499,137.26822183500002,1.0000543184812498,0.9964625822505,12.234985945075001,0.16003658807275,0.996428406977,0.02955573040875,0.0018419299369525,0.011259979864574998
2020-03-25,6712.3043274075,137.70471962175,1.00169920894175,0.9970111009560001,12.369520974375,0.161612063271,0.9982418022102499,0.029760206785475,0.0018437348734575,0.011276914034725
2020-03-26,6679.5094497625005,137.06721158300002,1.00112602991175,0.99691692683425,12.75554330545,0.16825928516650002,0.9982230550765001,0.030064525332925,0.00184331694791,0.011679964307825
2020-03-27,6612.431277865,136.53712727950003,1.0084394789692501,1.0046292070832499,12.883041541925,0.17703669803725,1.00652895102875,0.030113807513975,0.001830773479455,0.011478409743075
2020-03-28,6323.6967069575,131.50354112975,1.00780221632525,1.00494873202275,12.26897375265,0.17468782163850002,1.00631910542725,0.029298030009424998,0.0017768409777375,0.010724489721825
2020-03-29,6084.55526904,128.305800412,1.00270311095675,0.9901824052535,11.824525042725,0.16970013139899998,1.0028949019317501,0.029015355655099998,0.001755581256965,0.01037774087545
2020-03-30,6193.952639810001,129.420896386,1.0010963224175,0.9908366765650001,11.857437063,0.16831963107400003,0.9996677050375,0.029071621816475,0.001784853352175,0.010485290313499998
2020-03-31,6436.982197525,133.085378663,1.0024496973442498,1.0003496149855,12.4589993093,0.174032410954,1.0009183831844999,0.030174076352124997,0.00182919877338,0.0109212433339
2020-04-01,6464.7606964424995,133.65309338225,0.9983423472424999,0.9934098237352501,12.530663894775,0.17352364138499998,0.994294940462,0.03045443194855,0.00183029375614,0.011060841341750002
2020-04-02,6771.1416164075,140.07014645775,1.00010762128375,0.9970501921170001,12.986165892375002,0.17786269628499998,0.9950826933102499,0.0316808734236,0.0018849515717299999,0.011509371918500001
2020-04-03,6801.835131105,142.68025458925,1.0028359387485,1.0007905183672499,13.247308853324999,0.1794626099535,1.0017421941895,0.032169596254475005,0.0018715615118124998,0.011585973398700001
2020-04-04,6795.337130355,143.2334262105,1.004563301755,1.0028801243775,13.607724488175,0.180487296779,1.0014251448109999,0.0323071105128,0.00187107706646,0.011635050066625
2020-04-05,6813.252677552499,144.2595656935,1.002859087177,1.00175778261675,13.746996049149999,0.18011080172125,1.00075394803575,0.032195554199175,0.0018753382899474999,0.0115834913216
2020-04-06,7028.62546322,156.39033739375,1.00004658704025,0.999824998132,14.406591263125,0.187589262028,0.99837348132175,0.033791567098800004,0.001920272117635,0.012438386828375
2020-04-07,7253.678059315,168.414211884,0.9980426626585,0.9973805487374999,14.894110399575,0.195713363046,0.9972290452335,0.035626531997075,0.0019833318354225,0.013257979857975
2020-04-08,7255.7278525175,168.89638293824999,0.99820042624725,0.9952243631005,14.893843088175,0.196422299497,0.9967615905337499,0.03579010981925,0.00200032944848,0.0133327993233
2020-04-09,7290.149586955,171.11332868025,1.001622323387,0.9984423454955,15.01974468485,0.19912307013525,1.00028397282625,0.036161967357900004,0.0020130365239625,0.013615605957525
2020-04-10,7068.89968358,163.77649041675,1.004223189807,0.99913572181975,14.37466549025,0.19202719017300002,1.0031782755354999,0.034540188989425,0.0019758036809175,0.01268054477005
2020-04-11,6860.628437882499,158.30523103000002,0.9971356229255,0.99372843302675,13.80558619735,0.18850548561875002,0.9960680276202498,0.033338331569825005,0.001975777851405,0.012162059445749999
2020-04-12,6940.046144395,160.05306783925,1.0018838770485,0.9977309013105,14.1654806515,0.18995713574749998,1.0002913711655,0.03371946942425,0.0019849723819125,0.012316896142525
2020-04-13,6861.132684095,157.3411017145,1.00628869873775,1.0010056102015001,14.5525607221,0.18765139043875,1.0045467139195,0.033197587008125,0.0019582821433175002,0.01206428458935
2020-04-14,6859.5220178275,157.69064011275,0.9990440183867499,0.99678869738175,15.32248650385,0.18659762649925,0.9971585406705,0.0331410458131,0.0019592969729925,0.012116758644075
2020-04-15,6762.4346679975,156.09162463500002,0.9990731163012498,0.9919011430670002,15.129944915725,0.18426250647425002,0.99888798272125,0.0325889878793,0.00194640079318,0.011929592017325002
2020-04-16,6861.80322734,162.2186251515,0.99839312158525,0.9970401575565,15.055852280325002,0.18500171860825,0.998235425079,0.033040642908,0.0019707854660475,0.012085237373275
2020-04-17,7107.56302123,171.98636923625003,1.00392579568925,1.0019068929005,15.68243832805,0.19001837151675,1.0021657458605,0.034549358483275,0.002015543481215,0.0127653841321
2020-04-18,7177.290019992501,179.52265717174998,1.00357346643825,1.001879184628,16.196809071575,0.1925029955515,1.0016378712555,0.0356428426805,0.0020357329872475,0.013122593045175001
2020-04-19,7224.4809366125,184.17417163574999,1.00616261746175,1.00277457524275,16.388410472225,0.19324997001475,1.00416490934575,0.03621428271115,0.0020546732424325,0.013237886410074999
2020-04-20,7036.1565438325,177.54555053500002,1.00720523623475,1.0036933492255,15.67363260325,0.18776035651450002,1.00563458625175,0.035211357026175,0.0020169551992525,0.012599920431375
2020-04-21,6882.275504699999,172.6216780155,1.00579131984825,1.0025882794054999,15.16086197555,0.1840176804515,1.00386690832475,0.034471520299775,0.0019845157101925,0.012077941668225
2020-04-22,7002.573803087501,177.71189254,1.00282894897475,1.001581502708,15.4395237035,0.18623525942875002,1.00079502157325,0.03563109327382499,0.00199460252323,0.012438815854625
2020-04-23,7281.1025665475,184.26959039525002,0.99638285922925,0.995412492264,15.845384908349999,0.19028888449724998,0.99341209203975,0.038886652226549995,0.0020463138519875,0.0135488477964
2020-04-24,7498.365041535,187.4728841815,1.0022889912157502,0.99883138881225,16.05368973805,0.19349301074675002,1.0006900406349999,0.041736038994325,0.0020780649151875,0.014721874886550001
2020-04-25,7570.8638604575,192.493653604,1.00547616271325,1.00349689302875,16.1751635444,0.19460571035375,1.003968971515,0.042336318193900005,0.0021190520764075,0.014990543226575
2020-04-26,7628.0020726525,196.711040177,1.003944967822,1.00150685787375,16.342433255899998,0.1958893418235,1.00134454770725,0.0441848565772,0.00228249811243,0.015446988521
2020-04-27,7737.50989268,196.92684913349999,1.00292374187025,1.00108408561875,16.441469179774998,0.19734776158,1.000568402968,0.0462137638972,0.0023718563894375,0.01550033162805
2020-04-28,7787.3406438,197.33121805425,1.0056720290074999,1.00287630366275,16.4343360224,0.20700244240425,1.00379060528375,0.047038983593125,0.002346684671695,0.015546752128074999
2020-04-29,8316.3883383625,208.00313855475,1.0055138752255,1.00250443347125,16.965108822475,0.2215143239315,1.00047250327825,0.049485267426275,0.0024321261124125,0.016203688562874997
2020-04-30,8857.5327091,214.61945101075,1.00609405790575,1.00196226865525,17.347885751575,0.2218024709285,1.00337554151225,0.050346153375375,0.0025101083893850004,0.01603292632725
2020-05-01,8813.3339428525,211.8824360575,1.0055343824415,1.003545872584,17.382686352100002,0.21741766660275,1.00466658864875,0.049703991521925,0.002484694188445,0.015860699739725
2020-05-02,8919.051989635,214.57041914299998,1.0061425976645002,1.0031989764655,17.542980062075003,0.22151048282225,1.00267540295475,0.050902690424900005,0.0025175874938224998,0.016529004909675002
2020-05-03,8969.958814554999,213.56211751824998,1.0053602957535,1.002015167521,17.383726738525,0.22188896218025,1.00191048568925,0.049990595592925,0.0025302486875875,0.017226303931750002
2020-05-04,8852.582531205,207.485246735,1.005860804385,1.0022920205445,17.01346378185,0.2174048957295,1.00357206032375,0.04884446203425,0.0024750115674025,0.0168559847395
2020-05-05,8958.78601439,207.649290961,1.0053520747605,0.99995584852625,17.014446756825002,0.21814130721325,1.00224590595325,0.049644161828125005,0.00248393564363,0.016966427660750003
2020-05-06,9163.59429916,206.52816030124998,1.00815370940325,1.0027971894065,16.844643597,0.21726067746975,1.005357681021,0.049794939333150004,0.0025170224899525,0.01734043154095
2020-05-07,9586.10007409,208.1673900715,1.0068823619162501,1.00281373786375,16.827715080975,0.217097061122,1.0034762382159998,0.050297448412675,0.002584766411825,0.017300156205900002
2020-05-08,9885.68631828,212.587060274,1.00266832896975,1.0020629452279999,17.15355949685,0.21901570336725001,0.998115759239,0.051977639984475,0.0026375191378825,0.017761994397075
2020-05-09,9732.327650695,212.138235487,1.00288687232,1.0022651671795,17.132644950375003,0.21952417268175,1.0014420110084998,0.052136304561225,0.0026086283969025,0.017714856590075
2020-05-10,9084.5721133625,198.60377960025,1.01338373800625,1.00066160591725,15.972492244199998,0.20574801794900002,1.013477329675,0.04904189396604999,0.0025110203526999995,0.016113679272850002
2020-05-11,8691.2814981225,186.65642241650002,0.99840590881225,0.9916359111235,15.052934921824999,0.19522388492149997,0.99544080080325,0.047686191428575,0.00243018323103,0.014994714924099999
2020-05-12,8733.60149746,188.123246014,1.00070344969475,1.00004278901125,15.503959396225,0.19610236131125003,0.999566410877,0.049338598294575,0.0024489061380075002,0.016118114797874998
2020-05-13,9049.660471657502,194.47310456525,0.9991439473714999,0.9995019600897499,15.963309986475,0.19976491046475,0.9963941491664999,0.050902006016150005,0.00249264062993,0.01809265335125
2020-05-14,9513.3382910025,200.70675561775,0.9983416973245,0.9980277974045,16.238646255725,0.202177371881,0.9956000488382499,0.051155351755275004,0.0025569105469925,0.01982924245405
2020-05-15,9519.928624885,198.97503155725002,1.00219698470125,1.002786144486,16.0522113991,0.200642011784,1.0042519752595,0.05077752909015001,0.0025357853360800002,0.0196512925584
2020-05-16,9383.78826268,198.39082453525,1.00142256490675,1.0008479810897501,15.921792543175,0.19978454653049998,1.00181278144025,0.050666834077425005,0.0025092830732675,0.0196312755952
2020-05-17,9554.554429182499,204.257824655,0.99969610180575,0.9996506478057501,16.214167532775,0.201344108297,0.9995251873685,0.051311825749975004,0.0025344489423150002,0.02027883634395
2020-05-18,9719.6647459,211.18059341675,1.0020854111292499,1.00122655335,16.518076204825,0.2034695909945,1.00205391073625,0.052866643920625,0.0025450253890149997,0.020573323394575
2020-05-19,9707.9432756075,213.201010924,0.99922424492375,0.999637221832,16.82915680655,0.20413822273300003,0.9988715037682501,0.055104647010925004,0.0025370653445725,0.021476261777075
2020-05-20,9625.076487787499,211.55890307774996,1.0013550656085,0.9994809333975001,17.00248552125,0.20287891476875,1.00102875934,0.056327420703075,0.0025244420093225002,0.02133447572115
2020-05-21,9257.418847397501,203.74609189400002,1.001706611043,1.00232675997275,16.459545337175,0.197873333464,1.003754201529,0.054293079927175,0.0024919907443724998,0.019919505985825002
2020-05-22,9126.121654915001,203.40967805275,1.00186682655225,1.00229755917525,16.398710648275,0.19780831527849999,1.00411372910475,0.0541405051888,0.002508850290365,0.0199321159939
2020-05-23,9203.7401649325,207.89239047225,1.00240254934975,1.0022774827735,16.602437623425,0.1996766807335,1.00272435200925,0.055523537978774996,0.0025350865633624996,0.02024922307445
2020-05-24,9019.5766056625,206.01296228025,1.0044438649552498,1.004380787871,16.384418442325003,0.19779954539474998,1.00537771337375,0.054146390440475,0.0025035605836225003,0.020223840198975
2020-05-25,8840.929114215001,203.582848158,1.0009897532754999,1.0012059040249999,16.213475698325,0.19561068596025,1.001687771125,0.052918377247425,0.00249421357836,0.020392779875049998
2020-05-26,8873.475140835,203.29467340649998,1.000412793665,1.0008031720755,16.289024642475,0.1955657831715,1.000843624855,0.0533764688116,0.00250996890288,0.0237367961308
2020-05-27,9013.96927624,205.35123167275,1.0009493369950002,1.0002361495885,16.360668171674998,0.19609063918800002,0.9996988595559999,0.054449927163600004,0.00249924236443,0.025135389154724998
2020-05-28,9351.36821065,213.811259984,1.00215436837025,0.9997043506312502,16.786867433825,0.1987604962485,0.99956470751925,0.0604769728753,0.002522248605875,0.0250213867069
2020-05-29,9480.12144576,220.76377637975,1.002666856114,1.00116287015,17.0176416571,0.19974343416475,1.0006298989375,0.06471722161535,0.0025273590149099997,0.025734299100375002
2020-05-30,9552.521951995,231.43759991349998,0.99968646828775,1.0019144179844999,17.375418019575,0.20199202655425,1.00022804572925,0.07070077839115,0.0025737070704525003,0.024814335527074998
2020-05-31,9573.451326285001,236.85629444749998,0.9998289619145,1.003405450993,17.45223019435,0.20560252269450002,1.0007017439074999,0.077470856877525,0.0025841558423975,0.022304717776674997
2020-06-01,9820.334461694998,239.14408340725004,0.997451780548,0.998066088214,17.499632245775,0.20648161973950002,0.9952739203862501,0.077863902062975,0.00260403252815,0.021267586836625003
2020-06-02,9833.922343225,242.37363924925,1.0074682818307499,0.99861663518475,17.554587260075,0.20699442842175003,1.0066822125965,0.078964303711,0.0025959489890925,0.021293654495975
2020-06-03,9586.296033785,240.30457842025,0.999991606276,1.0002021316557501,17.376814574125,0.20307831100775003,1.0006023022347499,0.081760536897225,0.0025720094761275,0.021191182407899998
2020-06-04,9717.3370890925,242.80648578125002,1.0015562729995,1.00025884159325,17.47448095,0.20426457160625003,1.001091447527,0.0872147909779,0.0026134728771874997,0.021541655945499998
2020-06-05,9749.550377110001,243.39578305525004,1.0042275904609999,1.00309844599325,17.66033264795,0.20448729770775,1.0038688719817501,0.08699518077685,0.0026103473624175,0.02115961771275
2020-06-06,9670.7601471675,242.20956392425,1.00218946356125,1.0006818419049999,17.665939739625,0.20369614189575003,1.0011179620492499,0.085956032228,0.002588710466745,0.020641215018175
2020-06-07,9659.6260285975,242.20896168475,1.00125340883525,1.0002953783614998,17.398901268,0.20274386985600001,0.99980720111175,0.0860772854811,0.0025902751921175,0.02036574315925
2020-06-08,9747.436284992498,244.91871307175,1.0022632760815,0.999959995014,17.42138215715,0.20326029647674998,1.000142024559,0.08618670898157499,0.002589301347095,0.020400872814225
2020-06-09,9767.787308250001,245.44186580849998,1.00503697494225,1.00191211755175,17.391349961324998,0.20284224056925,1.00387384620875,0.0849467480061,0.0025640948495050005,0.020263556937775
2020-06-10,9825.350415857502,245.93447990275,1.001122306135,0.998762649823,17.4023245983,0.20224743607499998,0.9983771601125,0.082673195998975,0.0025750758224074998,0.020864292526249998
2020-06-11,9598.306772355,239.77061967699998,1.0027609633805001,1.00189019252025,16.86407179045,0.196579341738,1.00485171200325,0.07959508568627499,0.0025170353865825,0.020611564174825
2020-06-12,9406.96286032,234.52960448525002,1.00155750206125,1.0019192931025,16.473689688125,0.19231071397725,1.0023289670215,0.077690087523775,0.0024886138146,0.020087069300875
2020-06-13,9461.3085491675,237.88406012800002,1.00255447136725,1.002089994855,16.721572792225004,0.1928083111025,1.0021851475374999,0.0789678552507,0.0025237643649775,0.02057531931805
2020-06-14,9423.551664589999,236.28563272924998,1.0035768857115002,1.0023072656937502,16.726839456975,0.1923824570345,1.00355587219225,0.077852576298475,0.0025245206002075,0.02079100618825
2020-06-15,9332.9433224025,229.86670036875,1.0046053855335,1.0045186504167498,16.335758202224998,0.1905645935715,1.0049723662105001,0.076191185394625,0.00247798728231,0.020190675807875
2020-06-16,9493.04154694,232.249731911,1.00170236203975,1.00088893417025,16.4171070295,0.19191754364075,1.000811719866,0.07855792236912501,0.0024826276580975,0.020496599272075002
2020-06-17,9470.450493690001,233.20408755300002,1.0002238172405,1.0014543231772501,16.38497281795,0.1931362830555,1.00193454138425,0.080953270259575,0.00248127856692,0.02070682193575
2020-06-18,9426.1462765425,232.13048357325,1.000993369533,1.001937485761,16.281531574025,0.191873667505,1.00294459410075,0.08261259979302499,0.0024741503787625,0.02055064987135
2020-06-19,9353.3713049,229.51063865174999,0.99883240766225,1.0012775657145,16.075895191175,0.188854171126,1.00160719805225,0.080708634317025,0.002451821115045,0.020299575057024996
2020-06-20,9316.41307721,228.5850683825,0.99775878963425,0.99891491307,15.974857953825001,0.18779547469275,0.9986796927325001,0.0792064560152,0.002441709180325,0.021376930002625
2020-06-21,9334.023549297499,229.764475984,1.00023563923225,1.000440482847,16.068166317150002,0.18717018984425,1.0009036175775,0.07925572302445,0.0024529317568775,0.022062405118275
2020-06-22,9475.3944879575,236.061831936,0.9984031524727499,0.9977607844390001,16.23690470495,0.1876525792395,0.9981312060345,0.08103084081360001,0.0024643997427175003,0.021709188810375
2020-06-23,9622.880538455,242.82582747075,0.9993024689535,0.997986963804,16.412967075475002,0.18875240765699997,0.9988263296462501,0.082972309872125,0.002476723788945,0.0223512051939
2020-06-24,9476.090155325,240.31853414399998,1.00289642900075,1.00240228402475,16.281855275574998,0.1867196425845,1.0043764889975,0.08329366601275,0.002449788393445,0.022324296668024997
2020-06-25,9253.60650429,233.7493333765,0.99954277512725,1.00053099858475,15.905275326900002,0.1833958200575,1.00138044341275,0.08182814958187501,0.002417726195345,0.021946497410225002
2020-06-26,9209.04185797,231.42672820125,1.000990607879,1.00157366958475,15.829549527175,0.18297682790925,1.002234947966,0.081039548057475,0.0023902573504425,0.021270572465450003
2020-06-27,9104.8107298225,226.41231561024998,1.00303805319175,1.0034334400157499,15.478752633574999,0.1798747481485,1.004346289261,0.0788959866812,0.0023362441102949996,0.020155547866475
2020-06-28,9091.278974915,224.08315551099997,1.0025592314649998,1.0032810074205,15.284280283775,0.1775808562445,1.0036751382285,0.07893369969435,0.002320622029345,0.019553001500575002
2020-06-29,9152.5831366075,226.42862672625,1.001957411652,1.0023265875057499,15.437526822275,0.17785247932925,1.0018284558125,0.082233984151975,0.002320355438075,0.019805245799525
2020-06-30,9156.56204161,227.1438529205,1.0018270097472501,1.000845557537,15.452559508425,0.17673269137499997,1.0013878146485,0.08349237905885,0.0023168524315525,0.019335897520275
2020-07-01,9197.200096985,228.70996609975,1.00135999105275,1.0014607081090001,15.6172013024,0.17647983613825,1.00169786834275,0.08942110956145,0.00233754047531,0.0189722000222
2020-07-02,9166.5340561425,229.63498599925,1.008911179759,1.00316571040525,15.641729725674999,0.176742723434,1.0047496883755,0.09429569373305,0.0023437315305200003,0.018891456003175
2020-07-03,9118.3214308875,227.31232612300002,1.00786922934375,1.00334218157125,15.421708322825,0.17679321279475002,1.004537370229,0.09626501289785,0.0023368443907500003,0.01917619924975
2020-07-04,9113.411734642501,227.38750822325,1.001593820134,1.0009690916945,15.426610349925,0.17753011711424999,1.001247915582,0.09832876343757499,0.00231312573258,0.01935316223735
2020-07-05,9084.808134795,227.76050275949999,1.00040535485775,0.99965962685325,15.478051547825,0.17711239359375,0.99972402062825,0.09813719830297499,0.0023050237321875,0.019242891166575
2020-07-06,9220.616012765,234.589368182,0.999263099085,0.9987271225045,15.889873642325,0.18280082588774998,0.9988443483402499,0.10158856274335,0.0024625243977225,0.019483872966575
2020-07-07,9290.9679586225,239.237159432,0.99850730271625,0.9989324121109999,16.4830370546,0.1862680928755,0.9985829539197499,0.11111425637425,0.0028906288444675,0.020006478576325
2020-07-08,9345.29721474,243.13430585700002,0.9997360347105,1.0003521425625,17.018915621125,0.19485828888875,0.99926422246075,0.1248728333685,0.0040819327640575,0.020860129369499998
2020-07-09,9343.08495619,244.23864329375002,1.001808619819,1.0020066986815,17.035011977575,0.2040897958395,1.00224545497825,0.12559229622525,0.0045727337773325,0.020977180130125
2020-07-10,9239.409715824999,240.8668332225,1.000067521266,1.00161236513225,16.960994870125,0.199413302076,1.00164549054375,0.11949912370374999,0.00393512200778,0.02081904567215
2020-07-11,9252.71912014,240.09041837125,1.00031281721125,1.00057466918175,17.41036008655,0.20054306626825,1.00024101995875,0.12205132853625,0.0036837107753975003,0.021173393913375
2020-07-12,9258.6061575975,240.66816893600003,1.0004058295109999,0.99993883322625,18.014929418250002,0.20084173048725001,1.000180311844,0.1252900846495,0.0037243857215075,0.0211687941159
2020-07-13,9262.8790715975,241.08233431625,0.99947606494675,0.99974019757675,18.3272488771,0.20005355200175,1.0001176114905,0.12698788498049998,0.0033755244982075,0.022095016488575002
2020-07-14,9234.3549761675,239.99676992074998,1.0006745141075,1.0006907048512501,18.280835488875,0.198098977583,1.0008007819590001,0.12801541430725,0.0032233918686899996,0.022145930075250002
2020-07-15,9220.4982618275,239.266509263,0.9999950903335,1.0002402612365,17.810558127475,0.19805027376450002,1.00016216156725,0.13058689637925,0.003187364690295,0.0226371133618
2020-07-16,9156.8670492925,235.67980510825,1.00083458870525,1.00086022515175,17.29166606235,0.19466654960325,1.00208168654025,0.12706477873775,0.00301783135794,0.021675065420549998
2020-07-17,9138.665285917501,233.247377301,0.9999466192197499,1.0005137898295,17.18201772485,0.1942994008625,1.0010210062235,0.124221513908,0.003018354643755,0.021141084733375
2020-07-18,9160.50796725,234.30208627000002,1.00051542678275,1.00016622681325,17.085197061225,0.197307212535,1.0011701472595,0.12189529895475,0.0032980649171924998,0.021257106473624998
2020-07-19,9160.71362922,236.59656364575,0.9992569622845,0.9987872816059999,17.510510643675,0.19900220324450002,0.99917540223275,0.12299256425850001,0.00348178612137,0.021294590227725
2020-07-20,9175.80799629,237.26923515049998,1.00006295933,0.9997270048710001,17.7617869914,0.19692167160324997,0.9999251928815001,0.1206548824935,0.0033054624359025,0.021670797184524998
2020-07-21,9273.51374621,240.79661770549998,0.999327969448,0.9992715281655,17.63463581915,0.19708457276775002,0.9985399691130001,0.12050351621525,0.003257953757425,0.021445637254799997
2020-07-22,9437.654079545,253.17432494075,0.99869908347175,0.99997620928525,17.850675122299997,0.2007481264815,0.9975834385432499,0.122965300194,0.0032780333777775,0.02129741673545
2020-07-23,9550.366287875,268.9270639635,0.9997074096609999,0.9995252579884999,18.380190871499998,0.20545498018475,0.9978443896457501,0.1243124556985,0.0032910044409425,0.021210567704275003
2020-07-24,9556.7996111975,277.34268108325,0.99951706553,0.99853575457975,18.906831470049998,0.20562821675524998,0.9982559789432499,0.12273557843675,0.0032536331295225,0.020842258212325
2020-07-25,9612.842055487501,292.212622212,0.99937237129,0.99853595652075,19.513624869825,0.20960420673650001,0.9982418940147499,0.1330261344095,0.0032344130352675,0.020857277682425
2020-07-26,9815.5142364375,307.49753275075,1.0000835848465,0.99761709281125,19.7165405868,0.21644979415750001,0.9968837640777499,0.1465171922845,0.003231680538935,0.020887869842225
2020-07-27,10524.570795605001,317.8827874695,1.0013590071655,0.998683184942,19.456511949450004,0.219427476222,1.000314835379,0.14155860150575,0.0031677345982975003,0.019921598388374998
2020-07-28,10941.811550850001,318.028582039,1.000583133308,0.9990593851272499,19.996786773474998,0.22643818565,0.9990140141639999,0.14327478516225,0.0031757884950225,0.02016034962535
2020-07-29,11043.489874175,318.0591637795,1.0017973544065,1.0009032451555,20.081517578275,0.23816967304225,0.99967997526775,0.1442755063815,0.0032068862700600003,0.020454900195275003
2020-07-30,11068.96481415,326.77847387099996,1.0026073937264999,1.0004742455787499,19.8879219273,0.243782627704,1.00072698554275,0.140001794044,0.00320787662672,0.0204745928575
2020-07-31,11209.148701850001,339.53517538125004,1.0009123501702502,1.0040791926822499,20.357890965675,0.251338676872,1.00002354862925,0.13925085240025,0.003219017018285,0.02037668796395
2020-08-01,11529.155350075,365.85843241025,0.99815477505775,1.0018809362982501,21.103190837899998,0.27500886273749997,0.9967077715552499,0.141674342884,0.003478519867905,0.020679317842675002
2020-08-02,11466.163189750001,381.1483821835,1.0106657895345,1.00173927178075,21.119865502175003,0.29373976806575,1.00800042922425,0.13863353418774998,0.00350856116198,0.020557592675725
2020-08-03,11188.902780475,380.81808942374994,1.00416502811925,0.99830607028525,21.537203842125002,0.30037166781650004,1.0004227361465,0.13538709681025002,0.0033686149399525,0.020297717302025002
2020-08-04,11232.905781425,389.92942284325,1.0016022361615,1.00013346891,22.091506256825,0.305688482751,1.00201502254325,0.14119428506075,0.00346505172314,0.0205986508605
2020-08-05,11473.93700605,395.95596390925,1.0028311994305001,0.999960082943,22.830150764425003,0.30117210234425,1.0032708152982501,0.143164477786,0.0035294172400500002,0.021126985206650004
2020-08-06,11757.673590900002,398.1586689505,1.002254320499,1.00017249620925,22.983077824775,0.30378194164350003,1.001756421045,0.14323079012849999,0.0035437843730725,0.021664695868199996
2020-08-07,11671.74986345,385.23106406475,1.0042753651604999,1.0007450137145,22.416501651725,0.29869497297375003,1.002566297878,0.14129336516625,0.0035330846301075,0.021535392301375002
2020-08-08,11679.273910849999,386.219013651,1.00273582924925,1.00001326206975,22.517784917825,0.2947267043865,0.9998907315847501,0.14260548606399998,0.00350815362741,0.0221228160749
2020-08-09,11691.9763251,392.9983744085,1.0027819028340001,1.00082742884725,22.6181600152,0.29131418689475,1.0007663696215001,0.146597439808,0.0034834417885599997,0.022953298954
2020-08-10,11811.941377674999,394.33662525475,1.0058170060845,1.0041085827605,22.553215475150004,0.29280019021825,1.0053423953637501,0.1446790937015,0.003494844305695,0.023382337123574997
2020-08-11,11605.148415725002,386.4045777285,1.0026455399525,1.00251477801,21.87162731215,0.28987949540600005,1.0012333250530001,0.13985077970175,0.003451577508585,0.023938047830775
2020-08-12,11496.883347875,382.58097556525,1.009277898418,1.0028301260145,21.465914315825,0.28333670624100005,1.0043129567512499,0.13464788106075,0.003439117837725,0.024332805823900003
2020-08-13,11596.452908975,408.0488434385,1.0139212239255,1.00363848181,21.688823332200002,0.28881847637175,1.00731382216975,0.13888459272275,0.0034785440522425003,0.026509180165925
2020-08-14,11844.494788349999,433.49968092524995,1.00996579608125,1.0027982119907501,22.5522156854,0.29953270820675,1.00500624360475,0.14005232299625,0.0035322903422774997,0.0277205910744
2020-08-15,11841.573980875,435.63677842575,1.00256343955275,0.9993990551937499,23.2228590208,0.29974645022525004,1.00058618869425,0.13863827432075,0.0035521651462025,0.029440718591175
2020-08-16,11857.894789275,429.62232298525004,1.00235683814125,0.9988541158067499,23.286674708225,0.3003999469625,1.0010450854039998,0.13810415634950002,0.0035210676438125,0.029942109467125
2020-08-17,12078.9531466,432.22181706874994,1.00381584399275,0.99858509146325,23.487230652850002,0.310367917282,0.99955604960975,0.14047607437874998,0.0035833535757024996,0.029734635806650003
2020-08-18,12133.340508725,426.39833458649997,1.00238292075075,1.000167064489,23.2036557831,0.30994346286725005,1.00194036276975,0.13937591071225,0.00357460857604,0.02779913503045
2020-08-19,11866.356161825,413.47634460675,1.0033635536582501,1.002069193881,22.657696780400002,0.29544315758024997,1.0030241780375,0.13320371204075,0.0034596607186825,0.025818338209650002
2020-08-20,11812.586476,411.489815215,1.00118225524,1.00022804687,22.7165464525,0.29076283482299997,1.000415341641,0.1311377133975,0.0034432621010075,0.025811820448975
2020-08-21,11733.688530725,402.838557149,1.0030531676959997,1.00102219039475,22.610890322675,0.28723175648575,1.00313106774975,0.1285723970095,0.0034483066222075,0.0263479575352
2020-08-22,11601.379132725,391.036869841,1.0034597505737501,1.001505430655,22.01402448265,0.28240584002325003,1.00286843885,0.12370130362099999,0.0034088128017925002,0.0253774394182
2020-08-23,11654.4737523,392.11939132975,1.001505797721,1.000001584933,21.979159138275,0.28446231347225,1.0007772355242501,0.12322669031725,0.0034231513757299998,0.0256261032765
2020-08-24,11717.292036925,399.6315943125,1.0018921684955,0.999844723946,22.285051982125,0.28723051627425,1.000614199781,0.12331397376475,0.0034197782240774997,0.026677843190674996
2020-08-25,11526.96884405,393.73901223425,1.00422341314375,1.002178169515,21.968272349750002,0.2824632146935,1.00326811579,0.11769534768475,0.0033488316468675,0.0267668203214
2020-08-26,11420.5762154,385.25567001375003,1.00160917237475,1.001160247582,21.892986960275,0.27754905065775,1.00104788716025,0.11443015338,0.0033000009218300003,0.026427861073525002
2020-08-27,11391.433387550001,384.8645364025,1.00232756006375,1.0011362057592499,22.599913397450003,0.26951792785725,1.00155821782575,0.11065128027224999,0.00324558339601,0.026347542033349998
2020-08-28,11432.458295499999,389.38392812625,1.00197385762675,1.00148569142875,23.11333654795,0.26782853439975,1.000934204315,0.10836239692025,0.0032310904579675,0.026315189585775
2020-08-29,11524.963421775,398.5657090365,1.0024463281250002,1.0019916326775,23.1219856765,0.27319772892,1.0012806406975,0.1131536191155,0.003272869311565,0.02742598804915
2020-08-30,11606.966689425,414.07118491899996,1.002128262027,1.0018858696995,23.36395970985,0.27888892443900004,1.00115633270275,0.1166933192835,0.0033003986641025,0.027652161282175
2020-08-31,11690.330500650001,430.479814183,1.0021241641907501,1.002103074804,23.452505896475,0.28200007498749996,1.0013155471205,0.12005142929025,0.0032584747542800004,0.026897690774350003
2020-09-01,11829.50132605,457.804357722,1.00278644999175,1.002600207031,24.1002074938,0.288494296471,1.00242826488225,0.123849242271,0.003237726927225,0.026177418343625
2020-09-02,11658.61840145,455.4598489315,1.00522347593,1.0010076054465,24.7265798586,0.28610961519525,1.0042734190845,0.11989135208125001,0.0031779549396325005,0.024291013864775
2020-09-03,10819.493910875,414.14352445825,1.006889906951,1.002516281583,22.837472366049997,0.26134028037175,1.00687986554775,0.105921602219775,0.0029621715199025004,0.021368440684774996
2020-09-04,10403.509826574998,386.74030437749997,1.0055831947147502,1.003840448694,20.86535916915,0.25326224496575,1.00578696004325,0.099131444916275,0.0028520393720075,0.019204549763150003
2020-09-05,10302.5860388025,358.56127211225,1.004361253762,1.0060995844,20.064569060474998,0.246729300666,1.00257412375575,0.0959188892439,0.0028279801767575,0.018689762718574997
2020-09-06,10214.59557205,341.87568907450003,1.00159146553275,1.0028959980055001,21.1915125358,0.23836939404024998,1.00188194344075,0.09125258951330001,0.0027656082247025,0.018308346134474997
2020-09-07,10241.5519298075,347.64750147149994,1.00121442256225,1.0020818920115,22.340809139149997,0.2394256788715,1.00108161213275,0.09179461643835,0.0027847328825875,0.01846884236495
2020-09-08,10215.17724538,343.79600659274996,0.9997138015737501,1.0018393635525,22.600360199725,0.2388718728625,0.99961076640275,0.0924360762053,0.0027775033594950004,0.018468208771600002
2020-09-09,10186.073272925,345.066106592,1.0019076285994999,1.00249795553025,23.713501213675,0.2384548260535,1.0017948948072501,0.0925014246145,0.00276210311877,0.019295254121175
2020-09-10,10336.8793979,362.00913829474996,1.0019328490585,1.00358267662325,24.7314019703,0.24299336912874997,1.0015271129769998,0.09592779969000001,0.00280218170943,0.0205335483124
2020-09-11,10336.425576625,368.756767765,1.001729954035,1.00266830722025,24.703982581700004,0.2422890203055,1.001469546832,0.09624158427705,0.0027945191529675003,0.02069315556285
2020-09-12,10430.8142877,379.28978635475,1.0033459831259999,1.0034200524949999,26.989742580275,0.24536034540125,1.0028997151177501,0.09718505923095,0.0028082650971525,0.0210550915647
2020-09-13,10394.424992575001,374.0973181575,1.0009011839220001,1.00248166675675,30.032348834375,0.24540199363525,1.00116682545325,0.096285810300525,0.0027910459090949996,0.02033093269375
2020-09-14,10518.89784395,371.25585782775,1.0019767323845001,1.0029595396167499,31.235263813274997,0.24456883481849997,1.00150542727125,0.09585824244687499,0.0027907612273325,0.019981526627075
2020-09-15,10767.449555275001,371.77708590724995,1.0022691178595,1.00120702413275,29.123292867775,0.24568779642425,1.001951476522,0.0953864067675,0.00282338508866,0.020586209751999998
2020-09-16,10894.418900499999,365.00161179675,1.00303090730525,0.9993190872165,27.440665466275,0.244889445154,1.002360314049,0.092165654094225,0.00282649874659,0.020075926035625
2020-09-17,10933.572735925,378.39543053075,1.002513805309,0.9992663768765,27.47306809665,0.2513363197875,1.001639513234,0.09286305780355,0.0028192856834650002,0.020062418746149998
2020-09-18,10940.242677524999,385.64278924275,1.00383679534025,1.007365813035,27.469721832700003,0.25144945598499996,1.00193876878875,0.09238226845075001,0.0027978857333875,0.0207529616166
2020-09-19,11017.95250195,383.8466160969999,1.0015508149980001,1.000351474581,27.377561328725,0.25117662889875003,1.0011048193774998,0.09156054777457501,0.0027940395447825,0.021036586663925
2020-09-20,10986.121981,377.33579677924996,1.0023588634825,1.0014265475222501,26.555939351625003,0.24844643203125,1.0031891628212501,0.09042400339010001,0.0027749839068074997,0.021440477857399998
2020-09-21,10691.437663825,356.24805584275,1.00253798036775,1.00238790684425,24.735750938149998,0.2393861551925,1.00319862129675,0.08464926788055001,0.00270658070344,0.020744988033675003
2020-09-22,10487.22196935,342.42071424025,1.0025431348485,1.0010022578695001,23.66356151895,0.23256128734125,1.0023410948109999,0.081275885371525,0.0026391400237149995,0.019227577047
2020-09-23,10379.3429876025,332.336703255,1.0009398825,1.0009448825,23.463410682499998,0.22766956249999998,1.000225,0.0793105,0.0025998825,0.018711307500000003
2020-09-24,10502.8497846175,335.086797675,1.0008270225,1.000764285,23.7126705575,0.22714970999999998,1.0001499999999999,0.07974599,0.0025927750000000003,0.01827202
2020-09-25,10702.609278207501,349.5958316975,1.0012576850000001,1.0003407225,24.5506365575,0.2373750375,1.00005,0.09007108750000001,0.0026661449999999995,0.018974942499999998
2020-09-26,10721.6445636125,352.9502165425,1.0017677,1.000480855,25.474305689999998,0.2420666175,1.000025,0.096173105,0.0027114725,0.019039785
2020-09-27,10737.2649929875,356.05422023750003,1.00185103,1.0005243275,26.260782532500002,0.24185773000000002,1.0008991200000001,0.0984815125,0.002696755,0.018718864999999998
2020-09-28,10783.8767447275,358.5162918475,1.001269905,1.0003421825,26.7159858775,0.24361908250000003,1.0001,0.1022043,0.0026851675,0.019152775
2020-09-29,10765.946784885,356.6551587375,1.0011233775,1.0004526175,27.953093467499997,0.24250910750000002,1.0000499999999999,0.10069992249999998,0.0026731925,0.019284875
2020-09-30,10786.2351036275,358.620776685,1.0009964475,1.00053687,28.9422532825,0.24169422499999998,1.00005,0.10014396,0.00265383,0.019809797499999997
2020-10-01,10705.171869405,357.314131115,1.0013142075,1.0006736725,28.1247949275,0.2399511425,1.000025,0.09976400499999999,0.0026280525,0.0194804375
2020-10-02,10567.5808620775,347.44278892,1.0012093675,1.0007496,27.203137854999998,0.23538608,1.0001,0.0953049475,0.002591305,0.018486085
2020-10-03,10558.6250295875,347.17874701249997,1.001142915,1.0007598875,27.7436393125,0.23375225000000002,1.0001,0.09349702,0.0025988975,0.01843407
2020-10-04,10610.103787265001,349.5895053725,1.0013182925,1.0010589175,28.5905400475,0.24077642,1.00015,0.094885635,0.0026280825,0.0185585875
2020-10-05,10724.494099392501,352.8968940075,1.00114755,1.0006123675,28.786275709999998,0.2499469025,1.0000499999999999,0.0972478325,0.00262641,0.0187282825
2020-10-06,10681.7954154875,346.94116021499997,1.0006660875000002,1.0006894100000001,28.1626566825,0.249327055,1.000025,0.09517919,0.0026063224999999996,0.0179796125
2020-10-07,10628.8349363275,339.93704034999996,1.0005049125,0.9997788775,27.554443425,0.2467247775,1.0001,0.09272071,0.0025912124999999996,0.0170705725
2020-10-08,10773.350006057499,345.16743958,1.000959655,1.000396715,27.458011802500003,0.24901892250000002,1.0002,0.0943582225,0.0025927025,0.01655225
2020-10-09,10985.4731129375,358.3048848175,1.0012021450000002,1.00074353,28.063149877500003,0.25289945,1.0002,0.09895933,0.0026325575,0.0168894575
2020-10-10,11213.6639406925,369.9978119625,1.00104025,1.000419435,28.5323634175,0.2551082825,1.0001000000000002,0.10461923499999999,0.0026696874999999998,0.0172642525
2020-10-11,11349.4262921425,373.286328675,1.000859255,1.0005258325000002,28.410341900000002,0.25548295750000005,1.000125,0.10617157499999999,0.00267395,0.0175839725
2020-10-12,11471.7884587375,381.0736250675,1.0009999525,1.0006051075000002,29.7095367275,0.255126395,1.00005,0.10808138,0.0026708999999999995,0.0179871775
2020-10-13,11461.2071262625,382.8229649475,1.001152505,1.000416675,30.852813585,0.25651454749999997,0.99995,0.1103137975,0.0026512399999999996,0.017742275000000002
2020-10-14,11426.590875907501,380.73166810249995,1.00104996,1.00062122,30.85259371,0.2528126425,1.0,0.10863459249999999,0.0026354,0.017495135000000002
2020-10-15,11448.8674873525,377.299243775,1.000908745,1.0006517350000002,31.063799365,0.247408545,1.000175,0.1066056575,0.0026155725,0.0171290525
2020-10-16,11397.0063810075,371.67911181249997,1.0008943425,1.000744275,30.7232666425,0.24314762,1.00015,0.10516641500000001,0.002594985,0.016684465
2020-10-17,11337.9578341475,367.2822029475,1.0008735375,1.000524595,30.141897375,0.2408519875,1.0001499999999999,0.10516652,0.0025922799999999998,0.0164892175
2020-10-18,11417.570063335,373.41700671750004,1.0007613475,1.0004545025,30.5296930875,0.2417664125,1.0001749999999998,0.106584535,0.0025862600000000004,0.0168027975
2020-10-19,11611.1145461175,378.8562911225,1.0007677975,1.0005406424999999,30.273639090000003,0.244560255,1.000225,0.10830048,0.002593815,0.0165414925
2020-10-20,11835.927028485,374.3046699975,1.0008378825,1.0004428674999999,29.33931931,0.2453656125,1.000225,0.10529367,0.0025988375,0.0159316925
2020-10-21,12455.5653671575,382.6511521225,1.0014274775,1.00004488,29.4197511025,0.2483763825,1.000125,0.10470568499999999,0.0026204300000000004,0.01611792
2020-10-22,12911.553554302502,404.16989451000006,1.0014610025,0.9999895324999999,30.372038085,0.2557095775,0.9999750000000001,0.10863121249999999,0.00264863,0.016948570000000003
2020-10-23,12917.92399174,411.4649957575,1.00086986,1.0002124175,30.639086947499997,0.2555559275,0.999965145,0.10903433,0.0026558225,0.017123462500000002
2020-10-24,13017.6124601175,411.66905969,1.0008774725,1.0002862625,30.6312088575,0.255446675,1.0,0.10833978999999999,0.002642295,0.0173264525
2020-10-25,13094.620643490001,410.29631417999997,1.00090387,1.000087215,30.4060347875,0.25463419,1.00005,0.1073334225,0.0026498425,0.017461335
2020-10-26,13038.5322577875,398.79226786749996,1.0008353025,0.9996789750000001,30.6414201475,0.25109766499999997,1.000025,0.1040645,0.0027150275,0.016894779999999998
2020-10-27,13387.49192413,399.5666374475,1.000585365,1.0000797175,31.534507060000003,0.250889455,1.000075,0.10337099749999999,0.00267331,0.016174405
2020-10-28,13423.8614665325,395.68972911250006,1.0002931675000002,1.000141655,30.949461900000003,0.2499414775,1.000125,0.1001806175,0.0026359,0.015480055
2020-10-29,13325.322379489999,387.474402995,1.00035402,1.0000912450000001,30.03501893,0.24386698750000002,1.0,0.09751609,0.002579055,0.014516069999999999
2020-10-30,13443.0276911125,384.02684400500004,1.00062594,1.0002889524999998,29.0328119025,0.239575875,0.9999,0.093673645,0.0025797575,0.0137241475
2020-10-31,13703.317869485,385.9289421825,1.000537945,1.0001754,28.5004739775,0.2399750025,0.9998750000000001,0.09347574,0.0025833550000000003,0.013859955
2020-11-01,13752.12912059,391.3075431275,1.00030956,1.0001904325000002,28.41483234,0.23948744,0.999825,0.095648205,0.002577355,0.0139506925
2020-11-02,13584.7510837325,390.942777235,1.000412065,1.00026277,28.364112555,0.238312825,0.9998500000000001,0.09551019,0.0025515374999999997,0.01393435
2020-11-03,13702.793759780001,382.896588335,1.00044406,1.0001905800000002,27.130513280000002,0.23645729000000001,0.999925,0.0918647675,0.002506855,0.0131948175
2020-11-04,13970.85839942,393.80962117750005,1.0007009825000002,1.0001667125,26.678068125,0.23777034,0.99995,0.0942332825,0.00252901,0.012374045
2020-11-05,14880.518973575,407.74550863499996,1.0007484025,1.0002779625,27.3063694975,0.242044875,0.9999750000000001,0.0955373825,0.00257114,0.0128893
2020-11-06,15568.97179695,434.49223034,1.0002836999999998,1.0000068575,28.446877080000004,0.2525812975,0.9998750000000001,0.1031255875,0.0026964700000000003,0.0145566075
2020-11-07,15139.9832927225,446.141877475,1.0009569200000001,0.9977559974999999,28.39667733,0.25500708499999997,0.9998500000000001,0.10576985500000001,0.002715405,0.0152448775
2020-11-08,15173.687839087499,445.0519576025,1.0011631575,1.0001654425,28.0608312875,0.2520422625,0.99985,0.1041190375,0.0026951874999999997,0.0151391525
2020-11-09,15365.644367320001,447.56267691,1.0008500974999999,0.9998132775,28.163800655,0.25171787500000004,0.9998500000000001,0.1053432725,0.0027072974999999997,0.015863585
2020-11-10,15299.635573395,446.80112768750007,1.000857145,1.000059415,28.096256372500005,0.2544212175,1.0,0.10592291,0.0027324324999999997,0.0164816175
2020-11-11,15549.629037559998,458.9359990675,1.0010906375,1.00017037,28.1602679925,0.2556843225,1.000025,0.10642815750000001,0.0027781925000000002,0.017082455
2020-11-12,15954.354761929999,460.9287623675,1.00083788,0.999709785,27.769392247499997,0.25552018,1.000125,0.10495716000000001,0.002771535,0.01638829
2020-11-13,16262.3948269675,467.03685547500004,1.000528285,0.9996490275000001,27.9601108,0.25996591999999996,0.9999250000000002,0.1056947175,0.0028033425,0.0164281775
2020-11-14,16113.237089639999,465.7309412975,1.0001255749999998,1.0000134075,27.9276009625,0.268250145,0.9998499999999999,0.1047923275,0.002784305,0.01666271
2020-11-15,15985.09295142,452.2393509875,1.000434915,1.00011999,27.7109667775,0.26981175749999997,0.99985,0.10214872750000001,0.002775225,0.0165664425
2020-11-16,16342.143859595002,454.20799100249997,1.0005470225,1.0000354200000001,27.841574395,0.277805815,0.9999499999999999,0.1022718475,0.0028569425,0.016553862500000002
2020-11-17,17169.6405611,471.9438938925,1.0004957675000001,0.9996390774999999,28.4059868225,0.2974297175,0.99995,0.1080405525,0.0029263325,0.017329585
2020-11-18,17799.012966,479.415444215,1.0006471424999999,1.00022466,28.2328509675,0.2969307675,0.999875,0.1077678525,0.00292465,0.0175073475
2020-11-19,17780.763458205,474.23435321249997,1.0004688425,1.0001728925,28.04084673,0.29728391,0.9998250000000001,0.1061286175,0.002911925,0.0172849425
2020-11-20,18244.35532828,491.6544579975,1.000570375,1.00016355,28.58697998,0.3148578675,0.9997750000000001,0.1120251675,0.0029536124999999997,0.01769407
2020-11-21,18661.1320641675,528.4240860875,0.9996097725,0.9999196125,29.5914117175,0.394384335,0.999675,0.125386365,0.00325605,0.0188101175
2020-11-22,18343.147369072503,550.36109615,0.9991390499999999,0.99963653,30.119849405000004,0.4518008175,0.9997,0.1376575075,0.0034194125,0.0192453025
2020-11-23,18361.5904426825,581.94159635,0.9997577825,0.9996586249999999,30.438378755,0.52684528,0.999875,0.1497237475,0.003464225,0.0202049925
2020-11-24,18737.351568035003,606.8572780975001,0.9999703575000001,0.9992078975,32.68496395,0.6630554275,0.9996749999999999,0.163882785,0.0039079449999999995,0.0214624225
2020-11-25,18952.16061884,584.8385579149999,1.0001207175,0.9989537374999999,32.81436048,0.6610104649999999,0.999975,0.16156849,0.0039561125,0.0218330175
2020-11-26,17774.4462873325,537.6137236575,1.0010219349999998,1.0003023450000001,29.447825642500003,0.56994543,1.0003,0.144261755,0.0034375575,0.019070544999999998
2020-11-27,17058.440666555,516.1553891275,1.001482775,1.0004746475,28.178901924999998,0.5468073475,1.000375,0.13883078999999998,0.00324337,0.0177177575
2020-11-28,17398.735287795003,527.9993471825,1.001165475,1.0003935475,28.806164467500004,0.593121825,1.0001,0.1542483825,0.0033492549999999998,0.0182113325
2020-11-29,17934.965957247503,555.653142175,1.000952005,0.9999778125000001,29.6732214525,0.61371612,1.0,0.1649378925,0.0034351599999999996,0.0187323425
2020-11-30,18932.93573985,594.3444745800001,1.00061292,1.0001018825,30.709179105,0.6358075125,0.9998250000000001,0.1678257325,0.0034982600000000004,0.0191777225
2020-12-01,19151.1662901725,602.3272650025001,1.0008160574999998,1.0002841175000001,30.7189639425,0.6377361475,0.999775,0.1619434125,0.0034318425,0.019105505000000002
2020-12-02,18914.7208127475,592.0943551675,1.00094594,1.0000232625,30.275977112499998,0.6193544775,1.0000499999999999,0.15640107250000002,0.0033596275,0.018965245
2020-12-03,19285.825050339998,606.4917504725,1.0007410275,1.0000652325,30.438960225,0.62949612,1.000175,0.1616871925,0.003413625,0.0200461675
2020-12-04,19088.832415955003,593.5859068650001,1.0005510874999999,1.0000108774999998,29.9575898775,0.5920962975,1.0001749999999998,0.15598016250000002,0.00336458,0.0198705225
2020-12-05,18900.814837415,581.41130995,1.0003810075000001,1.0000165225,29.391265345,0.5722832125,1.0001,0.154002455,0.003344105,0.019188809999999997
2020-12-06,19196.923879809998,597.420328325,1.0008446075,1.00016413,29.624796952500002,0.60291448,1.000075,0.1585903375,0.0033926525,0.019622205
2020-12-07,19219.432670225,595.4967651775,1.0008171575,1.0001909125000001,29.413848287500002,0.611074655,1.00005,0.15594638000000002,0.0033626949999999997,0.019347455
2020-12-08,18766.524540505,573.48735068,1.000091675,1.0001738649999998,28.504246549999998,0.5831060125,0.9999750000000001,0.147237375,0.0032552075,0.0183909725
2020-12-09,18359.160158015,559.639718465,1.0002460975,1.0024338,27.78519842,0.5625446700000001,1.0000499999999999,0.142346125,0.0031336725000000003,0.0176324675
2020-12-10,18332.1641940475,564.3916852875,1.00026559,1.000406635,27.874566965,0.5749091,1.000025,0.144669855,0.0031233874999999998,0.017832215000000002
2020-12-11,18052.704458990003,550.9162308450001,1.0002272,0.9998193175,27.39111747,0.5586554525,1.0001250000000002,0.13983647,0.0030755,0.0175634325
2020-12-12,18455.1422028975,558.1827308175,1.000552115,0.99873543,27.773268639999998,0.5215964725,1.00015,0.1425870625,0.0031252375,0.01771201
2020-12-13,19016.2544184775,579.1550815874999,1.0002230600000002,0.9999993275,28.6451289425,0.5080959875,1.0,0.14955057,0.0032117300000000003,0.0180266975
2020-12-14,19177.2366630625,585.8512551775,0.9999842425000001,1.0000257824999998,29.5010992225,0.5041571775,1.00005,0.15494488499999998,0.00324117,0.01824816
2020-12-15,19317.211496390002,588.063471375,1.0004642925,1.0001549575,29.8130568725,0.4850005425,1.000175,0.1563596075,0.0032160975,0.019036289999999997
2020-12-16,20371.6604263425,611.059991575,1.0001897275,1.0000223475,29.925300814999996,0.5122758700000001,1.0001,0.1598688825,0.0033074375,0.019389725
2020-12-17,22247.7123826925,645.4016909925,0.9995163324999999,0.999562845,30.4910491825,0.5863733325,0.9997750000000001,0.16676,0.0036662175,0.019215325000000002
2020-12-18,22895.792589995002,648.1960357425,1.0003021625,0.999895245,30.500429715,0.5809293975,1.0000499999999999,0.1640557675,0.0037941775,0.0197511075
2020-12-19,23478.7561553575,657.326989335,1.0007606949999999,0.9999458075000001,32.336259857499996,0.5833389025,1.000075,0.1658749525,0.00390348,0.0203047625
2020-12-20,23674.107963125,645.6035097525,1.0000319425000002,0.9999257850000001,33.917288285000005,0.564784055,0.9999749999999998,0.163283765,0.0042637975,0.019539385
2020-12-21,23124.221797425,623.953915395,0.9994953125,0.9997680200000001,33.419476967499996,0.5358820175,0.9998500000000001,0.15699492,0.004795777500000001,0.0188045525
2020-12-22,23199.3939090725,617.225838395,0.9996912250000001,1.000295525,32.5092274875,0.4743473724999999,0.9999499999999999,0.1545698725,0.00462619,0.0182552
2020-12-23,23462.613635920003,604.0065574275001,0.9996030300000001,1.00011481,32.257855459999995,0.3439743325,1.000125,0.1443634,0.00416262,0.0168371675
2020-12-24,23380.52217573,594.5385946824999,0.9993084475,0.9999413675,31.693931090000003,0.302074355,0.9998750000000001,0.1439512875,0.004153155,0.01577539
2020-12-25,24143.033912375,619.1127814575,0.9998884025000001,1.0001082,32.738353197500004,0.33029971,0.9998750000000001,0.1569479775,0.00453993,0.016539885
2020-12-26,25588.7034852225,632.6143371324999,0.99930535,0.9999370725000001,33.298600670000006,0.30557118,0.999675,0.1567963575,0.0045343425,0.018001582500000002
2020-12-27,26730.819410697502,664.5645060224999,0.9982377775,0.9980698825000001,33.483008695,0.288877235,1.0000499999999999,0.1569562675,0.004568605,0.01884512
2020-12-28,26740.5953242825,710.6716901549999,0.9984998975,1.000009745,34.68863769,0.2691884175,1.0003250000000001,0.1658008775,0.00459479,0.018746395
2020-12-29,26950.566111404998,722.995286095,0.998657175,0.999946955,37.4079699575,0.22294606499999997,1.000125,0.18477053499999996,0.004490995,0.01856769
2020-12-30,28124.718210452498,739.5959814375,0.9994741650000001,0.999989005,38.28618468,0.2156900575,1.000225,0.18622179500000002,0.004569455,0.018393835
2020-12-31,28822.540565447496,742.5603472725,1.0002756375000001,0.9999329625,37.6014147975,0.21642769,1.000275,0.181943515,0.00465351,0.017754
2021-01-01,29193.093192332497,734.267515945,1.001297495,0.9998655325,37.81351673499999,0.2309616075,1.0003499999999999,0.1782498575,0.005166535,0.01791815
2021-01-02,30937.505945915,752.461404085,1.001005055,0.9993698625,37.9801390225,0.228382265,0.9999999999999999,0.17656674000000003,0.0088957325,0.01844647
2021-01-03,32893.076408722496,882.0365463325,1.0005027125,0.9997294375,39.70678367,0.2256250125,0.999925,0.19110796249999998,0.0109122275,0.0196269325
2021-01-04,31736.4587511175,1020.6966091025001,1.0007629625,0.999559735,40.850185145,0.2347284825,0.99965,0.21602728000000002,0.00971256,0.0223022825
2021-01-05,32657.0619516575,1064.42192539,1.0012631,0.9995373750000001,40.846357475000005,0.23155975750000002,1.000025,0.23911759,0.00971942,0.024961977500000003
2021-01-06,35307.9278133125,1145.4447771925002,1.0015374400000001,0.99934571,41.68168022,0.24259591749999998,0.9999750000000001,0.2982425775,0.01023181,0.0300370525
2021-01-07,38219.11860713,1220.9448005925,1.00087284,0.9988914125,42.9030051375,0.297508425,1.0001,0.31720292,0.009972645,0.0349662825
2021-01-08,39741.1879774375,1200.0185203825,1.0001804975,0.9994371274999999,42.522237195,0.3216933075,1.0000499999999999,0.2981628475,0.0097153525,0.0318060525
2021-01-09,40365.103483415,1247.7399991325,1.0014385350000001,0.9998918450000001,43.0040981825,0.324456595,1.0001499999999999,0.31846839,0.0101268575,0.0327093075
2021-01-10,39003.868864625,1271.4398576274998,1.0011534975,1.0001796525,43.035720835,0.32563739,0.9993750000000001,0.31570153749999996,0.0100241975,0.031606395
2021-01-11,35702.32842899251,1134.5784734600002,0.99897048,1.0007825375,39.6230925225,0.29606369,1.000975,0.2796225875,0.008830157500000001,0.0274962525
2021-01-12,34676.4563295275,1073.4914223525,1.0003308825000001,1.0002643275,38.3768849025,0.2925232775,1.0008000000000001,0.28533733749999995,0.008485462499999999,0.02643919
2021-01-13,35354.0268127025,1075.8419750225,1.0001987749999999,1.0004755250000001,38.9476705375,0.29832373,1.00005,0.29678933500000004,0.008277995000000002,0.027901449999999998
2021-01-14,38336.8510608875,1171.4769734249999,0.9996938849999999,0.9999865375,40.86049284,0.29838226,1.000075,0.31182376,0.00909859,0.031251055
2021-01-15,37554.843717482494,1183.7346739475,0.99938852,1.000156935,41.0551136175,0.28561962500000004,1.0001000000000002,0.3058779225,0.009253497500000001,0.03293691000000001
2021-01-16,36624.4276321675,1213.16451262,1.00024675,1.00021591,42.185750255,0.2831704975,1.000125,0.3306543125,0.0093256825,0.033805577499999996
2021-01-17,35686.649803814995,1225.91472643,1.00014408,1.000233905,44.1466927475,0.27834258749999996,0.99995,0.3676688925,0.0091343975,0.033116259999999995
2021-01-18,36151.360551207494,1233.5884910949999,1.0005470674999999,1.000464895,45.520242089999996,0.2806004175,0.999925,0.378209725,0.009129195,0.0353496525
2021-01-19,36634.4343423775,1330.3883547075,1.000893015,1.0005963900000001,44.290791585,0.29733104250000003,0.9999750000000001,0.37180127,0.0092259725,0.034242245000000004
2021-01-20,35386.66702178,1351.6416557425,1.0002037400000001,0.9999515325,42.082703095,0.295335895,1.00005,0.36312151000000004,0.0089594975,0.033025925
2021-01-21,33044.631262832496,1246.3539856125,0.999838745,1.0002216675,40.5841113225,0.28368872,0.999875,0.34144385,0.00859478,0.031611034999999996
2021-01-22,31647.153266430003,1168.4213547000002,1.0004939174999998,1.00042425,39.463997337500004,0.26608373,1.0000499999999999,0.3255914125,0.008277912499999998,0.029829204999999998
2021-01-23,32476.884412299998,1234.825729985,1.0010758425,1.00013291,40.779348645,0.27350839250000003,1.0,0.347221645,0.00857381,0.032781535
2021-01-24,32101.1122785,1310.8013365650002,1.001343635,1.0003187575,41.3599153475,0.2732471675,0.9999499999999999,0.351715585,0.0086930525,0.033723505
2021-01-25,32885.680726595,1371.9534092725,1.0007864325,1.0001723775000002,41.8717347825,0.27344482999999997,0.9999750000000001,0.3507279125,0.008566177500000001,0.0339866
2021-01-26,32188.319571599997,1327.5563040900001,1.0006941999999999,1.0001860825,41.458728580000006,0.2671717775,1.0001,0.3409108325,0.008278422499999999,0.038242357500000004
2021-01-27,31231.936694702497,1298.7264456025,1.0013693774999999,1.000330795,41.1324213725,0.25882592000000004,1.000175,0.32674412750000004,0.0078224625,0.0427698025
2021-01-28,31947.163999749995,1291.558690755,1.0016045925000001,0.9997750049999999,41.77488735,0.25845794,1.00015,0.32968406499999997,0.020773044999999997,0.041071844999999996
2021-01-29,34776.5336235475,1368.2077164974999,1.00125366,0.9995464275,42.78874606,0.28084987,0.9997499999999999,0.34981651,0.050302269999999996,0.0397757475
2021-01-30,34085.08795007,1372.3190819175,1.00074242,1.0000102924999998,43.823527087500004,0.3728919875,0.999875,0.3552213725,0.03684204,0.041458387500000006
2021-01-31,33485.935709854995,1339.8068696799999,1.0009002599999999,0.9999337975,44.552868795,0.45483644999999995,0.9999750000000001,0.3554657275,0.0344442525,0.0386797275
2021-02-01,33418.54891352,1333.02482739,1.00058578,0.9998460199999999,47.894912025,0.4923836375,1.00005,0.37454926,0.0371362875,0.03915798
2021-02-02,34607.3976310975,1447.6152610525,1.0010561925,1.0001117875,51.226807054999995,0.3720806375,0.9999750000000001,0.41764518500000003,0.032637717499999996,0.04063635
2021-02-03,36476.770484375,1586.6497451875,1.001378705,1.0001668925,51.4814396075,0.3850698825,1.0,0.4324398175,0.0347161475,0.042255425
2021-02-04,37327.710919705,1626.74327059,1.0009584075,0.99973102,54.2102222125,0.4228364625,0.9999500000000001,0.4348950125,0.046082155,0.044991035
2021-02-05,37490.130498164996,1666.1871410275,1.0006137625,0.9996645000000001,62.08278427250001,0.4462948875,0.9999,0.493823865,0.049314365,0.051098569999999996
2021-02-06,39097.3335794325,1695.7568901225,1.000871915,0.999961385,69.54956186250001,0.4420612575,0.99985,0.5865613075,0.051934297500000004,0.05234237
2021-02-07,38805.4053425,1620.905103805,1.001031345,0.999909725,70.142295445,0.42534294250000004,0.9998750000000001,0.64538942,0.068719965,0.059124765
2021-02-08,42340.886313275,1675.6074492950002,1.001429635,0.999575405,74.01196926499999,0.43452568750000004,1.001,0.6746463225,0.0767060625,0.069922085
2021-02-09,46459.1949271975,1760.6363186149997,1.001408625,1.0003297549999999,95.32111700499999,0.4631027725,1.0001,0.691024975,0.0743976925,0.08671023500000001
2021-02-10,45603.666622787496,1756.3805801475,1.0010039475,1.00048246,123.30725902,0.49386474999999996,1.00015,0.8203271025,0.07315585000000001,0.1142180325
2021-02-11,46364.818070482506,1760.6826069675,1.0006561575,1.000071495,126.09286311999999,0.5141481274999999,1.0003250000000001,0.9259597225,0.07127792999999999,0.12277709250000002
2021-02-12,47638.14929393,1808.136917665,1.0010381675,0.9998695425,130.7695157525,0.5660285924999999,1.000025,0.91721531,0.06844346999999999,0.12191645000000001
2021-02-13,47259.186738017495,1825.0780612674998,1.0011340075000001,0.9998561075000001,133.64495067500002,0.6060134699999999,1.0000999999999998,0.9035232175,0.06856387250000001,0.11641218249999999
2021-02-14,48108.487564207506,1814.381156225,1.0007238725,1.0000315574999998,134.3471932775,0.60554594,1.0000499999999999,0.8711362775,0.06303922,0.105906415
2021-02-15,47966.160548679996,1775.5512463100001,1.000430885,1.0002331575,131.19985216249998,0.5659962725000001,1.000025,0.833527485,0.0579075775,0.102542945
2021-02-16,48671.68408952,1778.5434116775,1.00016829,1.0000600875,129.9684265475,0.5341986025,0.999925,0.8691955349999999,0.055164535,0.10809915
2021-02-17,50740.6438550575,1805.0454326825002,1.0004467275,1.0001576175,149.2396244275,0.5269530975,0.9999750000000001,0.8710686525,0.051478595,0.1091016075
2021-02-18,51827.660303367506,1895.9413032175,1.000175085,0.9999861925,180.92049754250002,0.5375109849999999,1.0000749999999998,0.9131902575,0.0549233125,0.1201630175
2021-02-19,53653.76030894,1941.314046675,1.0000338000000002,1.00013996,266.717306365,0.5498319425,1.000425,0.9177410625,0.0570961325,0.14027770499999997
2021-02-20,56029.6610476775,1936.5637520225,1.000081695,0.9999033449999999,287.8102427725,0.5373149,1.000175,1.0403246375,0.055357655,0.15876258
2021-02-21,56902.923392134995,1929.7254783850003,1.0002505400000001,0.9999457375,276.6479457475,0.5330676750000001,1.000125,1.1128308324999998,0.05558318,0.15783551
2021-02-22,54560.253110795,1808.6577910625,0.99996885,1.0000276375000001,270.155031715,0.5699962775,1.000425,1.0463116425,0.0543328925,0.1512384675
2021-02-23,50631.219162207504,1627.9657169775,0.9995388775,1.0004002250000001,239.326996255,0.49871076,0.99965,1.00283191,0.04931728,0.1357984825
2021-02-24,49261.013958535004,1605.0137400675,1.0002929975,1.000860035,245.0234114375,0.47504024,1.0000999999999998,0.996007415,0.05251466,0.1490343
2021-02-25,48961.4388613275,1559.0951561625002,1.0004741775000001,1.0002400825,246.73616289,0.45447985750000003,0.9999749999999998,1.0802957874999999,0.053614845,0.179267995
2021-02-26,46586.462877604994,1472.9237661949999,0.9997934475,1.00008065,226.50412234750002,0.4322098675,0.999875,1.1517827399999998,0.0504494625,0.18262336
2021-02-27,46513.87984492,1466.40548306,1.000455655,0.999999385,226.127296075,0.43780353250000004,0.999975,1.319449005,0.0504498,0.20214704500000003
2021-02-28,45322.459009865,1411.19324188,1.0016636275000002,1.0003349499999998,214.7615151975,0.4224640875,1.000075,1.289720815,0.04834255,0.2080423075
2021-03-01,47422.463206905006,1491.4923826474999,1.0013090475,1.0000625425,233.5059003425,0.4318219825,1.00005,1.295971875,0.04954414,0.23806846999999998
2021-03-02,48836.862580337496,1528.9019556125,1.0006982825000001,0.99997129,246.82171049749996,0.4407350675,1.0,1.2518876825,0.050634805,0.23665231750000001
2021-03-03,49940.878668357494,1549.892665075,1.0006335275,1.000119535,242.9856837675,0.446840105,0.9999500000000001,1.2300177525,0.050768625,0.2283191675
2021-03-04,49618.872820805,1562.6488332525,1.000230105,1.0001147824999999,236.63527793749998,0.466952495,0.999925,1.1575513575,0.0499003025,0.213745745
2021-03-05,48348.3205845175,1518.396559585,1.000407705,1.00041686,225.71177846,0.46993219750000004,0.9999750000000001,1.1298608725,0.049659237499999995,0.2057166625
2021-03-06,48554.0894100025,1593.8404894425,1.0003013250000001,1.0001978075,226.25964644750002,0.46153833250000004,1.000025,1.1423298725,0.0505910425,0.2155698425
2021-03-07,50107.1048732825,1686.5087020175,1.0002616125000001,0.9999953699999999,233.93536639,0.465278395,1.000025,1.128702355,0.051453735,0.213780595
2021-03-08,51310.1903789,1766.2728082100002,1.0004180475000002,1.0003378349999998,238.1569082125,0.4709484475,1.0,1.1337827150000002,0.056923315,0.21384062999999998
2021-03-09,53475.7591792325,1843.8780008450003,1.0005127825,1.0007191325,266.64189498999997,0.47954048749999995,1.0001,1.16038726,0.059605367500000006,0.258599715
2021-03-10,55345.42668618751,1826.9872374974998,1.0005887625,1.0002624975,284.1077544625,0.4738868975,1.0,1.164689285,0.0568191025,0.3019754825
2021-03-11,56585.98972497001,1800.6662211125,1.000452285,1.0001858024999999,288.696980055,0.4558267025,0.999925,1.12727394,0.0557738,0.3720129925
2021-03-12,57131.64432241,1791.781850925,1.0003692225,1.0002481225,274.416586225,0.44770771,1.0,1.0812004875,0.055690619999999996,0.432307655
2021-03-13,59122.072852134996,1842.034315985,1.0000684499999999,1.0002483125000001,269.7248248575,0.45034482499999995,0.9996750000000001,1.07953999,0.058743172499999996,0.42916601
2021-03-14,60355.9216619275,1888.5819632224998,0.9998593675,1.0000376075,270.4576174425,0.45148661749999996,0.9999,1.0810676750000001,0.0606549575,0.4055616875
2021-03-15,57777.196837445,1821.1479675125,1.0001585025,1.0000518324999998,259.14275698,0.43862575750000005,0.9999,1.0421701725,0.05761207,0.3957992225
2021-03-16,55758.473815314996,1784.12472268,1.0000890375,0.9999979375000001,253.40219512999997,0.461272715,0.9997499999999999,1.13484716,0.057526775,0.37775009249999997
2021-03-17,57298.791435817504,1804.8761392425,1.00013006,0.999914915,262.2831333875,0.4689031475,0.999924445,1.3120585425,0.057900007499999996,0.393858335
2021-03-18,57780.457103085,1790.0939114325001,1.0000315325,0.9999998225,266.96032691999994,0.472986805,1.0000504175,1.331985955,0.056998495,0.40398704999999996
2021-03-19,58084.792889882505,1796.9655472275,1.0020172225,1.001923815,262.798958035,0.4714470325,1.0021937125,1.2697823875,0.05800781,0.40061097749999997
2021-03-20,58722.622288,1829.1487563125,1.002677535,1.002453835,266.6698908275,0.5052966125,1.0026997,1.2569569725,0.0590087525,0.39944146
2021-03-21,57651.71195456,1797.0789602399998,1.0015034075,1.0012267425,264.059888515,0.523389055,1.0013336874999998,1.2011496925,0.058130850000000005,0.3824184975
2021-03-22,56201.6684436825,1741.4910544675,1.0014902775,1.001344305,263.2875127,0.5444600875,1.0013475649999999,1.149313715,0.05621516,0.361902845
2021-03-23,54676.68512077,1689.292675895,1.0014537075,1.00110491,256.9489227975,0.56250321,1.0012817525,1.123274815,0.054379455,0.3430986975
2021-03-24,54315.36727648,1645.6580491,1.0010913675,1.001166285,254.39867059749997,0.5197659925,1.0013106025,1.104138605,0.0532413025,0.33648048750000004
2021-03-25,52169.9655451325,1593.6911171575,1.0008793525000002,1.0009966874999998,240.44616063,0.501056955,1.0010841975,1.0962383125000001,0.051312677499999994,0.315881975
2021-03-26,53384.373149592495,1648.92790382,1.0010932625,1.00077091,244.94775148500003,0.5439836899999999,1.000829495,1.17335644,0.05268623,0.320585255
2021-03-27,55480.550951134996,1706.668614925,1.0009232,1.0006113325,262.57674721,0.558344825,1.0007795725,1.19752135,0.054319935,0.33986900999999997
2021-03-28,55901.777730872505,1702.2515385325,1.0009013675,1.0009056775,270.445770205,0.5522039075,1.001112105,1.1892050525,0.053961127500000004,0.34120196750000004
2021-03-29,56794.884252045,1757.9631946499999,1.0000828725,1.0002613824999997,271.7577130925,0.5593525625,1.0003126675,1.2007618475,0.053888885,0.37269041
2021-03-30,58341.6501309775,1830.0992669475,1.000176245,1.0002120575,292.41755186999995,0.5708958275,1.0001976575000002,1.2103114025,0.0542708225,0.376339655
2021-03-31,58876.389108035,1876.3250791575,1.0006668,1.00032211,304.77766873250005,0.5661691825,1.000345335,1.1970835825000001,0.053574367500000004,0.363455995
2021-04-01,59028.430857060004,1949.416907365,1.0004266199999998,1.0002994374999998,319.564032185,0.5770174400000001,1.0004278475,1.193661585,0.05984887,0.3643546175
2021-04-02,59404.91501184,2058.3222789675,1.0004846875000002,1.0005036475,340.157140215,0.59712855,1.00070783,1.2048098025,0.059803345,0.3755544525
2021-04-03,58678.8638175525,2086.1758067650003,1.0012251349999999,1.001012035,332.71659418499996,0.6121980225,1.001217035,1.196355515,0.057187315,0.3720918475
2021-04-04,58111.4546208025,2059.5648631100003,1.00478604,1.0044263150000001,337.06562212999995,0.616907075,1.004680265,1.1826048500000002,0.056645205,0.35995519
2021-04-05,58851.2187891575,2093.6301748124997,1.0020820375000001,1.00181929,359.8761174625,0.7845012025,1.00200358,1.2022773624999998,0.0584238525,0.36342568500000005
2021-04-06,58622.669537007496,2109.176127355,1.0008302025,1.0007354825,387.01904966999996,0.9888769700000001,1.00088805,1.2514793499999999,0.061822955,0.373978635
2021-04-07,57142.65321005251,2041.8588623300002,1.0016051750000001,1.0017615775000002,387.86489337750004,0.9972562125,1.0020552,1.2217027925,0.062105919999999995,0.34972405
2021-04-08,57160.42227778,2027.0756817175002,1.0010191800000001,1.0012459274999999,397.32228766,0.9875017524999999,1.0013368725,1.1981293725,0.060265562499999994,0.3477693375
2021-04-09,58329.11924477501,2079.7295660124996,1.0009382825,1.0008937475000002,432.5936592575,1.0359994074999999,1.001048325,1.21172615,0.061838052500000004,0.3644741525
2021-04-10,59340.59596561499,2116.70938246,1.0002851675,1.0007119625,466.38347496000006,1.198322585,1.0007916149999998,1.2176305849999998,0.0628307325,0.36243057749999996
2021-04-11,60032.886661305,2144.7177983125002,1.00099426,1.0015345075,496.5668632475,1.3833744725000003,1.0017218275,1.2445392625,0.070210995,0.36278187250000005
2021-04-12,60228.0768294575,2151.7006412925,1.0008185825,1.0014319225000001,569.7864976999999,1.4039903025,1.001546515,1.2985987625000002,0.0722965275,0.36310574
2021-04-13,61751.42883769,2223.88369272,0.9998546925,1.0000385774999998,570.4568606275,1.6438886650000002,0.999990975,1.3620376175,0.08249534,0.3901455725
2021-04-14,63262.83660050751,2367.1760661424996,1.0006200025,1.0006924525,554.23626743,1.7943895324999999,1.0005740049999998,1.4442965975000002,0.11268364,0.4140953275
2021-04-15,63104.96090605501,2477.33554883,1.001644245,1.0012023625,546.48942484,1.78606751,1.00125432,1.4613961975,0.1528591725,0.43009601249999996
2021-04-16,62162.136941820005,2453.694715255,1.0018597775,1.0008202750000001,523.6720901525,1.6438314250000001,1.00080687,1.4388668425,0.2914113575,0.43840122000000004
2021-04-17,61286.8176150775,2401.4859731275,1.0063450475,1.0052563075,521.9122462175,1.5987781600000002,1.0052359100000001,1.405730505,0.31531252,0.42167192750000004
2021-04-18,57701.2658827675,2240.2041595075,1.0098384224999999,1.009249095,489.184037645,1.4295832725,1.009307905,1.289588545,0.3004847125,0.37095027999999997
2021-04-19,55951.1249099975,2191.921762345,0.999954435,1.0000272650000002,498.83826085,1.3782971450000001,0.99999865,1.2431499549999998,0.36715371750000003,0.3506113425
2021-04-20,55666.2558556525,2224.5323084,0.9999685675,1.0000422725,538.6198545475,1.33127857,1.0000293,1.2179709675000001,0.3554747225,0.32914037
2021-04-21,55207.6644221525,2350.3698653925,1.0000063625,1.00007027,570.7403072024999,1.3560044825,1.0000640374999998,1.2404373825000001,0.31696967499999995,0.35298063749999997
2021-04-22,52903.3554168275,2429.6153387299996,1.00000822,0.9999584975,528.329100105,1.24594187,0.9999797225000001,1.1864904975,0.28299755,0.36848394500000003
2021-04-23,50667.2278593975,2330.3547928925,1.00002709,1.0000338725,503.7336582625,1.1054704375000002,1.000037885,1.10058227,0.2353945425,0.354489205
2021-04-24,50291.735636325,2277.564804915,1.0000116425,1.0000083625,508.64336887,1.1033990275,0.999988015,1.13834552,0.259759395,0.36559332499999997
2021-04-25,49180.6474628325,2264.2688020425,1.0000176675,1.000087905,499.32658267,1.04692117,0.9999982175,1.08996306,0.25899305,0.3716572025
2021-04-26,51560.08653717751,2424.6531135875,1.0000492025,1.000036195,522.9011653700001,1.1974216975,0.999945275,1.1640465075,0.262598065,0.46845039750000006
2021-04-27,54449.893110879995,2589.66611074,0.9999757725,0.999988205,552.07257015,1.3896559725000002,1.000008375,1.2748170374999999,0.2720429875,0.6869547275
2021-04-28,54994.1164448625,2683.1561060775,1.00005404,1.000040375,562.3347341824999,1.3739600150000002,1.00003029,1.3062611225,0.299211925,0.7930673875
2021-04-29,53986.7681457425,2743.90143946,0.9999447899999999,1.0000554875,582.9222401175,1.376650595,0.9999834350000001,1.3308479825,0.3122966875,0.8334834150000001
2021-04-30,55587.290448785,2763.7915214249997,1.0000132975,0.999960475,609.5130648775,1.5005406525,0.99995472,1.3288807175000001,0.321250215,0.8582716149999999
2021-05-01,57760.8321191975,2856.5200994425004,0.9999954375,0.9999902900000001,623.7448365425,1.6110980025,1.000056475,1.3479949725,0.3639929525,0.8048640625000001
2021-05-02,57125.359729495,2935.758528085,1.0000109474999999,1.0000151375,616.638214805,1.6011380499999999,1.00002135,1.3321700175,0.38300893249999995,0.794961955
2021-05-03,57346.18535472,3195.8688810725002,1.0000310175,1.0000199950000002,649.82611975,1.56716063,1.0000383725000002,1.3478214925,0.408634135,0.81620942
2021-05-04,55238.330077,3347.2724081825004,0.9999702675,1.000083565,642.6752039575,1.46105642,1.000028435,1.3154148074999998,0.4971014575,0.7470640325
2021-05-05,55389.147417342494,3379.4754736475,0.9999643349999999,1.00001433,630.5992324475,1.49909802,0.9999465375,1.3751921975,0.6035180775,0.762813935
2021-05-06,56895.9104925525,3500.2367970325004,1.0000595049999998,0.999967915,639.7022003525,1.6305579724999997,0.99996187,1.5653843575000002,0.610591025,0.7784084450000001
2021-05-07,56924.709026435,3479.5965423850002,1.000053525,1.000031025,628.7142997599999,1.5970711125000001,0.9999940999999999,1.64442341,0.629508085,0.7640494275
2021-05-08,58149.091226690005,3697.1423415375,1.0000067,1.0000138575,636.720149195,1.57845588,1.00000989,1.623181395,0.6674937425,0.79525893
2021-05-09,58200.6475437075,3891.38899158,1.0000566924999998,0.9999685974999999,654.5585987449999,1.53407844,1.000039815,1.6991755949999998,0.582305345,0.916881025
2021-05-10,56925.36996999,3939.6580048600003,0.9999842575,0.9999886025,644.974961335,1.4497890975,0.9999161674999999,1.6906701400000002,0.5026572874999999,0.9077415025000001
2021-05-11,56008.252870055,4019.7678114875002,0.9999450925,1.0000008275,649.8209452825,1.4300132975,1.0000094675,1.69514581,0.4843508675,0.9588467375
2021-05-12,53238.740833125004,4027.170905105,1.00001499,1.00000773,633.0717304474999,1.3793291924999997,0.999950765,1.6719991600000002,0.446117305,1.0824102825
2021-05-13,49440.621501279995,3781.50939003,0.99994721,0.99990774,581.899503555,1.3071410375,0.999985215,1.7443433099999999,0.4397963775,1.0593165625
2021-05-14,49967.553161565,3918.3991596675,1.00001527,0.9999614975,588.9022299000001,1.3832596750000001,0.9999993824999999,1.947833325,0.5252465749999999,1.26685653
2021-05-15,48479.872102445,3870.34529054,0.9999459625,1.0000107075,584.3196441274999,1.4487190225,1.0000323524999999,2.1297317275,0.5304039275000001,1.609719725
2021-05-16,46714.022817725,3614.796116925,1.000024815,0.9999989075,566.63489268,1.4748899750000002,1.0000788950000001,2.2388995200000004,0.5054934175,1.6501904175000002
2021-05-17,44696.0642443325,3395.12880112,0.999913435,0.99998887,531.713133225,1.4582770675,1.0000595525,2.145734625,0.49376930500000005,1.6784301300000002
2021-05-18,43644.4371935925,3366.4529188125002,1.0006151,1.0002291275,512.6426866974999,1.5660015275,1.0001056575,2.040444435,0.487262895,2.14279648
2021-05-19,38543.7573273725,2808.433092585,1.0007159925,0.9999609500000002,411.76462004999996,1.2958203424999999,0.9996609049999999,1.6363070174999998,0.42814007749999994,1.95236611
2021-05-20,38762.502195125,2596.82677445,1.0016152425,1.00010906,359.88830113250003,1.10683324,0.9999267875000001,1.638267655,0.36497267,1.7517867425000002
2021-05-21,38422.5666234525,2563.6287234249994,1.0016875900000002,1.0004250375,352.234324455,1.0684083574999999,1.00005165,1.6375689125,0.37106158499999997,1.6171208099999999
2021-05-22,37280.5998023,2345.9569137525,1.0015430650000001,1.00059245,311.8475098775,0.9394197400000001,1.0003885675,1.4989247250000002,0.34494343250000004,1.354938775
2021-05-23,35454.647407087505,2132.456840955,1.0014209275,1.0007176150000001,272.50568344000004,0.8307815649999999,1.000442065,1.346698135,0.31272311750000004,1.0718974700000001
2021-05-24,36948.1406461925,2376.6905381875004,1.0015304125,1.000295465,303.831246855,0.885795495,1.00020956,1.4334987275,0.33516334999999997,1.46280097
2021-05-25,38388.9457036975,2625.1381846425,1.00139568,1.0001747975,342.98261838999997,0.97797107,1.0001638849999999,1.5485120275,0.3539626525,1.7856321474999999
2021-05-26,39093.6835186675,2789.895409325,1.0014217374999999,1.00023742,362.0521126025,1.006651215,1.0002930875,1.6810154075000001,0.35121657,2.1058431225
2021-05-27,38845.34489032,2789.1503006875,1.0013692725,1.0003575325,368.93254669,0.9955802725,1.0003118925,1.70749697,0.342003795,2.0915545825
2021-05-28,36960.1741944575,2565.0249684974997,1.000851055,1.0002689175,346.6879614275,0.92628296,1.00020726,1.57314357,0.32356314,1.8977885825
2021-05-29,35307.1632056975,2367.2527208675,1.00053746,1.00018174,319.383426335,0.866536405,1.0001104325,1.4543640075,0.3035547175,1.7354505324999998
2021-05-30,35051.735506035,2332.40408181,1.0002264925,0.9996805550000001,315.35532813249995,0.8671389075,0.999622905,1.5055949000000002,0.30079937999999995,1.7699489675
2021-05-31,36175.4097993925,2524.376014945,1.0004377575,0.9999782549999999,336.014660245,0.9711363975,0.9999401425,1.6490626400000001,0.31281301250000004,1.8574025425
2021-06-01,36915.63476227,2652.99431507,1.0003478000000001,1.000207595,355.3428868425,1.0330195725,1.00030855,1.72833493,0.3478148025,1.8613326374999999
2021-06-02,37118.187207,2674.3437110725,1.0003081775,1.0002288849999998,383.31127416000004,1.0166813449999998,1.0003964275,1.753007885,0.3977134025,1.8147411975
2021-06-03,38382.775211207496,2780.6104660775,1.0004605475000001,1.00036313,413.47750514999996,1.0393226925,1.0004444449999998,1.8003815900000002,0.41082107500000004,1.818470265
2021-06-04,37774.27503923,2741.290904335,1.00076328,1.0004835024999998,403.57516111499996,0.9951851199999999,1.0005687525,1.7539605425,0.3824321875,1.7095939575
2021-06-05,36312.5602706675,2674.4787284149998,1.00079235,1.0005341275,395.59022113,0.9471851474999999,1.0005114174999998,1.6909543925,0.3758258725,1.5781277875
2021-06-06,35785.4968749175,2676.1112128424998,1.000652485,1.0002751475,391.61076859,0.9342648225,1.000311735,1.6722338025,0.37188391,1.5535287500000001
2021-06-07,34916.79668605499,2683.12273408,1.000693045,1.0004255575,378.57900659,0.9078002725000001,1.0003189375000001,1.6347516375,0.3530250125,1.56421929
2021-06-08,33048.495763369996,2512.1084553150004,1.000988265,1.00047337,349.5820017725,0.8531775500000001,1.0004366,1.5380408225,0.3244008375,1.44425984
2021-06-09,35193.8341295025,2538.9336634674996,1.0008937224999999,1.000252135,360.4152608925,0.8866140650000001,1.0002367799999998,1.5809726675000002,0.33416195750000005,1.4655367074999999
2021-06-10,37068.5085273275,2534.50517168,1.00061845,1.0001409325,362.5800132075,0.8930324875,1.000237045,1.5760464475,0.33437417,1.42644142
2021-06-11,36921.1437555625,2412.2279533875,1.000554815,1.00023562,351.19996951999997,0.8582076574999999,1.000270055,1.4841063349999999,0.32261191,1.30797998
2021-06-12,36257.443922135004,2360.0556355400004,1.00073285,1.000690865,341.08475587249995,0.8340346475,1.00067281,1.4424125149999998,0.31302807250000003,1.2875838575
2021-06-13,37210.135297165005,2435.27245189,1.0004325,1.0003816300000001,352.7154430075,0.8559406150000001,1.0003333625000002,1.5050751725,0.31869606,1.4051357875
2021-06-14,39742.774159047505,2530.6206733225,1.000179905,0.9999243075000002,366.7192601125,0.8914674175000001,0.9999033625,1.55881083,0.32825019499999997,1.488814755
2021-06-15,40434.54416967,2588.2704577275,1.0027525575,1.0026046575,372.47446283999994,0.8848532124999999,1.002581655,1.5821024124999998,0.325659285,1.6356909849999999
2021-06-16,39302.1411501275,2455.3769211325002,1.0001774025,1.0002052799999999,356.0788046025,0.84992286,1.0002557425,1.522409455,0.313753995,1.5477873899999999
2021-06-17,38337.068061787504,2377.19637709,1.00033622,1.0003080075,352.06195081000004,0.840118905,1.0004211525,1.4911730225000002,0.3078927925,1.49870887
2021-06-18,36832.45922875751,2282.7058989675,1.00108303,1.00085488,343.7361643875,0.8149692975,1.0008638424999998,1.4427726074999998,0.297033115,1.4252163899999999
2021-06-19,35715.3142559325,2215.2395610325,1.0013686375,1.0011379025,337.70530741,0.78138969,1.00113045,1.4093681400000002,0.29124916,1.3824085074999999
2021-06-20,35188.248854832505,2185.7619528474997,1.0010958975,1.0010689925,331.5708832575,0.75510521,1.00108263,1.3964806249999997,0.278371975,1.3701890025
2021-06-21,33583.85374009,2065.1037148125,1.0006845750000002,1.000778115,305.3860274225,0.6925371550000001,1.0008680275000001,1.3028422124999999,0.2266825875,1.2482637525
2021-06-22,31578.528333052498,1865.5945184675002,1.0007079425,1.000625765,262.4829796325,0.5784818775,1.0006184225,1.1486278675,0.187622085,1.0845234074999999
2021-06-23,33191.196034865,1934.8658076575,1.0008100275,1.0005531049999998,279.4695118825,0.5894226650000001,1.0005952475000002,1.20653878,0.21273367999999998,1.128227285
2021-06-24,33989.825900962496,1969.2962834825,1.0004417275,1.00037914,300.7091141975,0.6547455475,1.00043897,1.3032462299999998,0.2472421325,1.1894854225
2021-06-25,33283.754104145,1903.6482274175,0.9998685625,1.0000761624999999,295.00455153999997,0.6445213225,1.0001161324999999,1.3134969525,0.2554460375,1.1312339825
2021-06-26,31650.757557284996,1802.4656784324998,1.00051902,1.0006788325,278.7806949225,0.610278075,1.00064019,1.24867723,0.24213899,1.0562862800000001
2021-06-27,33416.263075555,1900.2738924149999,1.001106345,1.0010828175,282.9677877525,0.62833269,1.00102431,1.2947188649999999,0.2545702125,1.08423153
2021-06-28,34558.856304955,2041.1161953125,1.0003257625,1.000223505,290.75632039000004,0.6427569,1.0002055225,1.3291392949999998,0.25987972249999997,1.1213254275
2021-06-29,35284.483335445,2140.6740222275002,1.000171615,1.0000787899999999,298.697792365,0.6789360150000001,1.0000496525,1.3585496474999998,0.26193917499999997,1.1632847725
2021-06-30,35277.5342345675,2203.1284305625,1.0001524025,1.0000588125,297.70851365749996,0.693796335,1.00001324,1.3604050075,0.25485959750000003,1.1505308100000002
2021-07-01,34131.966075855,2185.8703791400003,1.0002662975,1.00020204,294.21306784,0.679386685,1.00012777,1.3518284675,0.24928654,1.11923648
2021-07-02,33539.2295616825,2109.3385861849997,1.0002886100000001,1.0002732825000002,285.7873837175,0.6546664825,1.0001871025,1.3520857225,0.24402277749999998,1.082979295
2021-07-03,34208.7315495875,2183.0266189775,1.0001476875,1.00015676,292.8731465275,0.6642142150000001,1.00004515,1.4005915125,0.2460462025,1.1120081425000001
2021-07-04,35071.847309255,2280.8497635425,0.9996387574999999,0.99963603,303.336510405,0.685437115,0.9995290075000001,1.4345157849999999,0.247224875,1.1349944975000001
2021-07-05,34382.0880875625,2251.36738226,1.000140185,1.0000977949999998,302.817788605,0.6735248375,1.00000766,1.426656225,0.23807265,1.1202289075
2021-07-06,34149.28890974249,2266.703273525,1.0003805025,1.000238135,311.7117339725,0.662764295,1.0001274975,1.4182333525,0.2343473175,1.1244745775
2021-07-07,34229.4902852525,2335.04270014,1.000323595,1.0001616675,326.3529667825,0.6602887399999999,1.000167875,1.415177785,0.2297135575,1.140443415
2021-07-08,33202.017437907496,2212.84916605,1.0004074450000002,1.0002750825,317.8545656075,0.6357600525,1.0003056774999999,1.3655086825,0.214974395,1.0807705749999998
2021-07-09,33255.21340747,2124.67730787,0.99979247,0.9999172575,311.941737215,0.624174645,0.9998318275,1.3342154325,0.21317069,1.0413357749999999
2021-07-10,33664.211569045,2132.6127028825003,0.99992716,1.0000741199999998,316.24065403000003,0.631389865,0.99997979,1.3430580575,0.2180478875,1.0434609400000001
2021-07-11,33920.176636200005,2126.74938823,1.0003221625,1.0004578,319.36970936250003,0.63036273,1.000343825,1.3435254575,0.21485476999999997,1.0380571775
2021-07-12,33674.832245205,2088.9892208250003,1.0003123775,1.00039081,320.4468068075,0.6355454175,1.0003433925,1.3323227475,0.2118822025,1.0129284125
2021-07-13,32854.004129495006,1984.363464825,1.0002608100000001,1.0003213100000001,312.2161473025,0.6249786425,1.0002688499999999,1.2877452324999998,0.2035593475,0.9688995874999999
2021-07-14,32561.6794627875,1954.95741176,1.0001994449999998,1.0001643599999999,305.559288595,0.6129874550000001,1.0001278675,1.2537941849999998,0.19738424,0.9278397899999999
2021-07-15,32235.989154554998,1956.7256084300002,1.000073515,1.0001611750000001,312.57180506,0.608129505,1.00008777,1.2455062300000002,0.19106595,0.902475385
2021-07-16,31645.5424407275,1902.567001375,1.0001906675,1.0002171375,310.901742045,0.5984849375,1.0002166175,1.202953795,0.179379465,0.8497258275
2021-07-17,31522.577849440004,1887.2238281225,1.00046662,1.0004023725,301.33777310749997,0.5857197125,1.000374335,1.1725507075000001,0.1831024475,0.80444507
2021-07-18,31736.2955888575,1916.77389124,1.0003777575,1.0003257325000001,303.04074388749996,0.5862850725,1.0002491450000002,1.1858389,0.18643700000000002,0.8113854375
2021-07-19,31266.8598926075,1858.5945515624999,1.0003276275,1.0004293549999999,291.4561406575,0.5723280749999999,1.0003355025,1.1528237225,0.177508825,0.7633063824999999
2021-07-20,30253.1938488,1791.41037982,1.000234745,1.0003383425,271.10106362,0.5433104599999999,1.0002254675,1.0837833175,0.1710464375,0.6964029150000001
2021-07-21,31046.3722569475,1890.4877118375,1.0002086824999998,1.0001640225,279.2610590325,0.5506716574999999,1.0001863750000002,1.1204213025,0.18595120250000002,0.7965367474999999
2021-07-22,32193.41959608,2004.6100017425,1.00018725,1.0001991275,293.23027899500005,0.582006255,1.0002237425,1.178806585,0.191212785,0.8854068575
2021-07-23,32881.738402185,2069.9399543275003,1.000312805,1.00013907,293.893550775,0.5969937175,1.000194695,1.186831755,0.1922985625,0.9115586825
2021-07-24,33950.356391767506,2154.53825961,1.00053802,1.0001884900000002,301.267934525,0.61012285,1.00023113,1.22189003,0.19696385,0.9486156625
2021-07-25,34721.810347892504,2170.446802075,1.000210315,0.9997259,300.3078242275,0.604673965,0.9997241175,1.2230292175,0.196795995,0.9350687925000001
2021-07-26,37127.1380467525,2257.7058131775,1.0002356825,0.9999440825000001,308.985952315,0.6289188125,0.999858355,1.2776468300000001,0.20806949500000002,1.0063742725
2021-07-27,38132.9110763925,2250.0529850525,1.0002194974999998,1.0001733725000002,308.64512168249996,0.6334386075,1.0000374825,1.2661342425000002,0.203594355,1.014191835
2021-07-28,39794.3994523525,2297.8296281000003,1.0001720125,0.9999959625,313.5373779125,0.68877088,0.9999506475,1.2852402824999998,0.20681490750000003,1.0273681350000001
2021-07-29,39987.2512167175,2337.456344595,1.0003013125,1.0001454674999999,314.818057145,0.73601608,1.0000905025,1.28266024,0.20432011500000002,1.0190651725
2021-07-30,40723.98331182,2410.3871477425,1.0004246525,1.00011148,318.05833838750004,0.746473775,1.0000585675,1.2906479725,0.20525528,1.041353165
2021-07-31,41791.1950893825,2493.19072367,1.0003601400000002,0.9999088975,327.9498795725,0.7488546625,0.9998392974999999,1.31337313,0.2090484375,1.06874599
2021-08-01,40879.58991742499,2577.169106885,1.0003514625,0.99990936,335.63400432,0.7388587699999999,0.9998391624999999,1.331174015,0.20779792249999998,1.0784350425
2021-08-02,39568.6840173775,2586.2585692525,1.0004054775,1.00021562,332.1209924325,0.73837676,1.0001807249999999,1.3180457,0.2050066625,1.0496330925000001
2021-08-03,38715.8672530275,2547.8575786725,1.0003942024999999,1.00031934,326.5793910725,0.724371745,1.0002962975,1.330085625,0.1995562,1.032876815
2021-08-04,38875.5751188,2615.26943547,1.000139865,1.0001689025,328.85839903249996,0.720298725,1.0002396724999998,1.3658130775,0.198840685,1.0390581325000001
2021-08-05,39853.501866980005,2733.528346715,1.00009276,0.9998842,334.18303246000005,0.72627315,0.9999712099999999,1.375229825,0.1999366875,1.0512707374999999
2021-08-06,41721.5509813,2847.7853069225,1.00021839,0.9997321775,339.69690270499996,0.7389069,0.999844255,1.393949175,0.20400521500000002,1.07011456
2021-08-07,43674.2561019525,3021.927880315,1.0003872500000002,0.9998323225000001,349.61545899,0.7807244674999999,0.999834725,1.4386372,0.23273745499999998,1.12783361
2021-08-08,44246.704842385,3077.8291832975,1.00031482,0.99961443,348.83065877499996,0.8017752075,0.9995075524999999,1.45095617,0.2546818375,1.124566765
2021-08-09,44865.7122349625,3066.8422595325,1.0001890599999999,0.99976673,346.9884725425,0.7964686400000001,0.999757115,1.4493144949999999,0.248673545,1.1015083975
